id,final_rank,designed_sequence,designed_chain_sequence,num_design,affinity_probability_binary1,design_to_target_iptm,min_design_to_target_pae,design_ptm,filter_rmsd,designfolding-filter_rmsd,plip_hbonds_refolded,delta_sasa_refolded,design_largest_hydrophobic_patch_refolded,design_chain_hydrophobicity,design_hydrophobicity,loop,helix,sheet,file_name,num_prot_tokens,num_lig_atoms,num_resolved_tokens,num_tokens,UNK_fraction,GLY_fraction,ALA_fraction,CYS_fraction,SER_fraction,PRO_fraction,THR_fraction,VAL_fraction,ILE_fraction,ASN_fraction,ASP_fraction,LEU_fraction,MET_fraction,GLN_fraction,GLU_fraction,LYS_fraction,HIS_fraction,PHE_fraction,ARG_fraction,TYR_fraction,TRP_fraction,liability_score,liability_num_violations,liability_high_severity_violations,liability_medium_severity_violations,liability_low_severity_violations,liability_AspCleave_count,liability_ProtTryp_count,liability_DPP4_count,liability_MetOx_count,liability_TrpOx_count,liability_HydroPatch_count,liability_UnpairedCys_count,liability_DPP4_position,liability_DPP4_length,liability_DPP4_severity,liability_DPP4_details,liability_DPP4_positions,liability_DPP4_num_positions,liability_DPP4_global_details,liability_DPP4_avg_severity,liability_TrpOx_position,liability_TrpOx_length,liability_TrpOx_severity,liability_TrpOx_details,liability_TrpOx_positions,liability_TrpOx_num_positions,liability_TrpOx_global_details,liability_TrpOx_avg_severity,liability_ProtTryp_position,liability_ProtTryp_length,liability_ProtTryp_severity,liability_ProtTryp_details,liability_ProtTryp_positions,liability_ProtTryp_num_positions,liability_ProtTryp_global_details,liability_ProtTryp_avg_severity,liability_AspBridge_count,liability_AspBridge_position,liability_AspBridge_length,liability_AspBridge_severity,liability_AspBridge_details,liability_AspBridge_positions,liability_AspBridge_num_positions,liability_AspBridge_global_details,liability_AspBridge_avg_severity,liability_NTCycl_count,liability_NTCycl_position,liability_NTCycl_length,liability_NTCycl_severity,liability_NTCycl_details,liability_NTCycl_positions,liability_NTCycl_num_positions,liability_NTCycl_global_details,liability_NTCycl_avg_severity,liability_MetOx_position,liability_MetOx_length,liability_MetOx_severity,liability_MetOx_details,liability_MetOx_positions,liability_MetOx_num_positions,liability_MetOx_global_details,liability_MetOx_avg_severity,liability_AspCleave_position,liability_AspCleave_length,liability_AspCleave_severity,liability_AspCleave_details,liability_AspCleave_positions,liability_AspCleave_num_positions,liability_AspCleave_global_details,liability_AspCleave_avg_severity,liability_HydroPatch_position,liability_HydroPatch_length,liability_HydroPatch_severity,liability_HydroPatch_details,liability_HydroPatch_positions,liability_HydroPatch_num_positions,liability_HydroPatch_global_details,liability_HydroPatch_avg_severity,liability_UnpairedCys_positions,liability_UnpairedCys_num_positions,liability_UnpairedCys_global_details,liability_UnpairedCys_avg_severity,liability_violations_summary,native_rmsd,native_rmsd_bb,native_rmsd_refolded,native_rmsd_bb_refolded,designfolding-bb_rmsd,designfolding-bb_rmsd_design,designfolding-bb_rmsd_target,designfolding-bb_rmsd_design_target,designfolding-bb_target_aligned_rmsd_design,designfolding-bb_rmsd<2.5,designfolding-bb_target_aligned<2.5,designfolding-bb_designability_rmsd_2,designfolding-bb_designability_rmsd_4,designfolding-ligand_iptm,designfolding-interaction_pae,designfolding-min_interaction_pae,designfolding-min_design_to_target_pae,designfolding-iptm,designfolding-ptm,designfolding-protein_iptm,designfolding-design_iptm,designfolding-design_iiptm,designfolding-design_to_target_iptm,designfolding-target_ptm,designfolding-design_ptm,designfolding-min_interaction_pae<1.5,designfolding-min_interaction_pae<2,designfolding-min_interaction_pae<2.5,designfolding-min_interaction_pae<3,designfolding-min_interaction_pae<4,designfolding-min_interaction_pae<5,designfolding-design_ptm>80,designfolding-design_ptm>75,designfolding-design_iptm>80,designfolding-design_iptm>70,designfolding-design_iptm>60,designfolding-design_iptm>50,bb_rmsd,bb_rmsd_design,bb_rmsd_target,bb_rmsd_design_target,bb_target_aligned_rmsd_design,bb_rmsd<2.5,bb_target_aligned<2.5,bb_designability_rmsd_2,bb_designability_rmsd_4,ligand_iptm,interaction_pae,min_interaction_pae,iptm,ptm,protein_iptm,design_iptm,design_iiptm,target_ptm,min_interaction_pae<1.5,min_interaction_pae<2,min_interaction_pae<2.5,min_interaction_pae<3,min_interaction_pae<4,min_interaction_pae<5,design_ptm>80,design_ptm>75,design_iptm>80,design_iptm>70,design_iptm>60,design_iptm>50,design_sasa_unbound_refolded,design_sasa_bound_refolded,plip_saltbridge_refolded,liability_UnpairedCys_position,liability_UnpairedCys_length,liability_UnpairedCys_severity,liability_UnpairedCys_details,liability_details,affinity_pred_value,affinity_probability_binary,affinity_probability_binary2,affinity_pred_value2,affinity_pred_value1,affinity_probability_binary1>50,affinity_probability_binary1>75,filter_rmsd_design,neg_min_design_to_target_pae,neg_design_hydrophobicity,neg_design_largest_hydrophobic_patch_refolded,neg_min_interaction_pae,has_x,num_filters_passed,pass_has_x_filter,pass_filters,pass_filter_rmsd_filter,pass_filter_rmsd_design_filter,pass_designfolding-filter_rmsd_filter,pass_ALA_fraction_filter,pass_GLY_fraction_filter,pass_GLU_fraction_filter,pass_LEU_fraction_filter,pass_VAL_fraction_filter,rank_design_to_target_iptm,rank_design_ptm,rank_neg_min_design_to_target_pae,rank_plip_hbonds_refolded,rank_plip_saltbridge_refolded,rank_delta_sasa_refolded,max_rank,secondary_rank,quality_score,sequence
task-26765770-9_spec_404,1,GPVERAVENLKKVPPDVLREIVREFVPDANGTITKEEGIALAKAIGEYLGVPAEEAEELAQYFFESLGKDELTAAELAAALREAGVPEEIIDAIVEAL,GPVERAVENLKKVPPDVLREIVREFVPDANGTITKEEGIALAKAIGEYLGVPAEEAEELAQYFFESLGKDELTAAELAAALREAGVPEEIIDAIVEAL,98,,0.88244,1.0786,0.84937,0.82345,1.25624,2,567.37653,1231.42896,54.7911,54.7911,0.21429,0.72449,0.06122,task-26765770-9_spec_404.cif,98,26,124.0,124.0,0.0,0.07143,0.16327,0.0,0.0102,0.06122,0.03061,0.09184,0.07143,0.02041,0.04082,0.10204,0.0,0.0102,0.18367,0.05102,0.0,0.03061,0.04082,0.02041,0.0,105,11,10,1,0,0,0,0,0,0,0,,-1,0,0,,,0,,0.0,-1,0,0,,,0,,0.0,-1,0,0,,5-82,9,,10.0,0,30,2,10,,,0,,0.0,0,-1,0,0,,,0,,0.0,-1,0,0,,,0,,0.0,-1,0,0,,,0,,0.0,62,3,5,,,0,,0.0,,,,,"AspBridge(pos30,sev10); ProtTrypx9(pos5-82,sev10); HydroPatch(pos62,sev5)",0.0,0.0,0.0,0.0,1.25624,1.25624,,,,True,False,True,True,0.0,0.0,100000.25,100000.25,0.0,0.68068,0.0,0.0,0.0,0.0,0.0,0.68068,False,False,False,False,False,False,False,False,False,False,False,False,0.82345,0.82345,,,,True,False,True,True,0.88244,6.453,1.0786,0.88244,0.8563,0.0,0.88244,0.88244,0.87794,True,True,True,True,True,True,True,True,True,True,True,True,567.75391,0.37738,0,,,,,,,,,,,,,0.82345,-1.0786,-54.7911,-1231.42896,-1.0786,False,9,True,True,True,True,True,True,True,True,True,True,2.0,20.0,3.0,1259.5,1431.5,123.0,1431.5,1,1.0,GPVERAVENLKKVPPDVLREIVREFVPDANGTITKEEGIALAKAIGEYLGVPAEEAEELAQYFFESLGKDELTAAELAAALREAGVPEEIIDAIVEAL
task-26765770-1_spec_106,2,SKIEEILKEVVSRTPVERLVELAREIYEMIKEGKEEEAVQYGLNEARSDPSLTEEQIEAIEKFVKENPDLLTRLKRLLEITKDIPEVAKLLKKCIDILK,SKIEEILKEVVSRTPVERLVELAREIYEMIKEGKEEEAVQYGLNEARSDPSLTEEQIEAIEKFVKENPDLLTRLKRLLEITKDIPEVAKLLKKCIDILK,99,,0.78897,1.78766,0.78593,1.09788,0.63957,3,521.36847,1204.04236,53.9646,53.9646,0.20202,0.79798,0.0,task-26765770-1_spec_106.cif,99,26,125.0,125.0,0.0,0.0202,0.05051,0.0101,0.0404,0.0404,0.0404,0.07071,0.10101,0.0202,0.0404,0.13131,0.0101,0.0202,0.19192,0.12121,0.0,0.0101,0.06061,0.0202,0.0,195,20,19,1,0,0,0,0,0,0,0,1.0,-1,0,0,,,0,,0.0,-1,0,0,,,0,,0.0,-1,0,0,,2-93,17,,10.0,0,-1,0,0,,,0,,0.0,0,-1,0,0,,,0,,0.0,29,1,5,,,0,,0.0,49,2,10,,,0,,0.0,-1,0,0,,,0,,0.0,,,,,"AspCleave(pos49,sev10); ProtTrypx17(pos2-93,sev10); MetOx(pos29,sev5); UnpairedCys(pos94,sev10)",0.0,0.0,0.0,0.0,0.63957,0.63957,,,,True,False,True,True,0.0,0.0,100000.25,100000.25,0.0,0.8364,0.0,0.0,0.0,0.0,0.0,0.8364,False,False,False,False,False,False,True,True,False,False,False,False,1.09788,1.09788,,,,True,False,True,True,0.78897,7.75413,1.78766,0.78897,0.78656,0.0,0.78897,0.78897,0.85576,False,True,True,True,True,True,False,True,False,True,True,True,536.21222,14.84376,1,94.0,1.0,10.0,,,,,,,,,,1.09788,-1.78766,-53.9646,-1204.04236,-1.78766,False,9,True,True,True,True,True,True,True,True,True,True,178.0,1560.0,260.0,438.5,286.0,882.5,1560.0,2,0.9999701171408081,SKIEEILKEVVSRTPVERLVELAREIYEMIKEGKEEEAVQYGLNEARSDPSLTEEQIEAIEKFVKENPDLLTRLKRLLEITKDIPEVAKLLKKCIDILK
task-26766364-8_spec_269,3,SAAIKRATEKLSKVPVEEVARIAKEAGCKKGVYTRKQVEATGRAVGKAAGVSEAEIDALIEAFFEINPKETLTQEEAIEALTKLGFSEERVKAIYDML,SAAIKRATEKLSKVPVEEVARIAKEAGCKKGVYTRKQVEATGRAVGKAAGVSEAEIDALIEAFFEINPKETLTQEEAIEALTKLGFSEERVKAIYDML,98,0.47017,0.81752,2.14652,0.79504,0.65903,0.88287,3,565.82507,1113.97388,44.696,44.696,0.21429,0.71429,0.07143,task-26766364-8_spec_269.cif,98,26,124.0,124.0,0.0,0.06122,0.16327,0.0102,0.04082,0.02041,0.06122,0.08163,0.07143,0.0102,0.02041,0.06122,0.0102,0.02041,0.15306,0.11224,0.0,0.03061,0.05102,0.02041,0.0,175,18,17,1,0,0,0,0,0,0,0,1.0,-1,0,0,,,0,,0.0,-1,0,0,,,0,,0.0,-1,0,0,,5-92,16,,10.0,0,-1,0,0,,,0,,0.0,0,-1,0,0,,,0,,0.0,97,1,5,,,0,,0.0,-1,0,0,,,0,,0.0,-1,0,0,,,0,,0.0,,,,,"ProtTrypx16(pos5-92,sev10); MetOx(pos97,sev5); UnpairedCys(pos28,sev10)",0.0,0.0,0.0,0.0,0.88287,0.88287,,,,True,False,True,True,0.0,0.0,100000.25,100000.25,0.0,0.79581,0.0,0.0,0.0,0.0,0.0,0.79581,False,False,False,False,False,False,False,True,False,False,False,False,0.65903,0.65903,,,,True,False,True,True,0.81752,7.07925,2.14652,0.81752,0.79976,0.0,0.81752,0.81752,0.85384,False,False,True,True,True,True,False,True,True,True,True,True,565.95087,0.12579,1,28.0,1.0,10.0,,,0.90904,0.53624,0.60231,1.2288,0.58928,False,False,0.65903,-2.14652,-44.696,-1113.97388,-2.14652,False,9,True,True,True,True,True,True,True,True,True,True,47.0,833.0,1636.0,438.5,286.0,142.5,1636.0,3,0.999940234281616,SAAIKRATEKLSKVPVEEVARIAKEAGCKKGVYTRKQVEATGRAVGKAAGVSEAEIDALIEAFFEINPKETLTQEEAIEALTKLGFSEERVKAIYDML
task-26765770-15_spec_415,4,MIIPSSEQETLVRPKPLLLKLLKSVGAQKDTLTMKEVQFYLGQYIMTKRLYDEKQQHIVYCSNDLLGDLFGVPSFSVKEHRKIYTMIYRNLVVVE,MIIPSSEQETLVRPKPLLLKLLKSVGAQKDTLTMKEVQFYLGQYIMTKRLYDEKQQHIVYCSNDLLGDLFGVPSFSVKEHRKIYTMIYRNLVVVE,95,,0.78868,1.59908,0.78959,1.45988,1.19011,2,448.952,990.73547,59.3607,59.3607,0.37895,0.44211,0.17895,task-26765770-15_spec_415.cif,95,26,121.0,121.0,0.0,0.04211,0.01053,0.01053,0.06316,0.04211,0.05263,0.09474,0.06316,0.02105,0.04211,0.13684,0.04211,0.06316,0.06316,0.09474,0.02105,0.03158,0.04211,0.06316,0.0,180,22,14,8,0,0,0,0,0,0,0,1.0,-1,0,0,,,0,,0.0,-1,0,0,,,0,,0.0,-1,0,0,,13-89,13,,10.0,0,-1,0,0,,,0,,0.0,0,-1,0,0,,,0,,0.0,-1,0,0,,1-86,4,,5.0,-1,0,0,,,0,,0.0,-1,0,0,,17-91,4,,5.0,,,,,"ProtTrypx13(pos13-89,sev10); MetOxx4(pos1-86,sev5); HydroPatchx4(pos17-91,sev5); UnpairedCys(pos61,sev10)",0.0,0.0,0.0,0.0,1.19011,1.19011,,,,True,False,True,True,0.0,0.0,100000.25,100000.25,0.0,0.73946,0.0,0.0,0.0,0.0,0.0,0.73946,False,False,False,False,False,False,False,False,False,False,False,False,1.45988,1.45988,,,,True,False,True,True,0.78868,9.37185,1.59908,0.78868,0.78627,0.0,0.78868,0.78868,0.79742,False,True,True,True,True,True,False,True,False,True,True,True,575.22327,126.27127,0,61.0,1.0,10.0,,,,,,,,,,1.45988,-1.59908,-59.3607,-990.73547,-1.59908,False,9,True,True,True,True,True,True,True,True,True,True,181.0,1217.0,105.0,1259.5,1431.5,1832.0,1832.0,4,0.9999103514224241,MIIPSSEQETLVRPKPLLLKLLKSVGAQKDTLTMKEVQFYLGQYIMTKRLYDEKQQHIVYCSNDLLGDLFGVPSFSVKEHRKIYTMIYRNLVVVE
task-26765770-5_spec_884,5,ETLLRPGPKLLKLLKSAGAQKDTLTKKEVRFYLGQYCLVKQLYDKKQQHICYCSNDLLGDLLGVPSFSVKNEKQFNAILQRLLSNGELKKVE,ETLLRPGPKLLKLLKSAGAQKDTLTKKEVRFYLGQYCLVKQLYDKKQQHICYCSNDLLGDLLGVPSFSVKNEKQFNAILQRLLSNGELKKVE,92,,0.83232,1.29904,0.81114,1.42797,1.14873,2,447.10007,527.51312,51.8972,51.8972,0.34783,0.45652,0.19565,task-26765770-5_spec_884.cif,92,26,118.0,118.0,0.0,0.06522,0.03261,0.03261,0.05435,0.03261,0.03261,0.05435,0.02174,0.04348,0.04348,0.19565,0.0,0.07609,0.05435,0.1413,0.01087,0.03261,0.03261,0.04348,0.0,215,22,21,1,0,0,0,0,0,0,0,3.0,-1,0,0,,,0,,0.0,-1,0,0,,,0,,0.0,-1,0,0,,5-90,16,,10.0,0,-1,0,0,,76-85,2,,10.0,0,-1,0,0,,,0,,0.0,-1,0,0,,,0,,0.0,-1,0,0,,,0,,0.0,31,3,5,,,0,,0.0,37-53,3.0,,10.0,"AspBridgex2(pos76-85,sev10); ProtTrypx16(pos5-90,sev10); HydroPatch(pos31,sev5); UnpairedCysx3(pos37-53,sev10)",0.0,0.0,0.0,0.0,1.14873,1.14873,,,,True,False,True,True,0.0,0.0,100000.25,100000.25,0.0,0.83941,0.0,0.0,0.0,0.0,0.0,0.83941,False,False,False,False,False,False,True,True,False,False,False,False,1.42797,1.42797,,,,True,False,True,True,0.83232,8.68959,1.29904,0.83232,0.81201,0.0,0.83232,0.83232,0.82152,True,True,True,True,True,True,True,True,True,True,True,True,552.01276,104.9127,0,,,,,,,,,,,,,1.42797,-1.29904,-51.8972,-527.51312,-1.29904,False,9,True,True,True,True,True,True,True,True,True,True,17.0,287.0,18.0,1259.5,1431.5,1891.5,1891.5,5,0.9998804685632321,ETLLRPGPKLLKLLKSAGAQKDTLTKKEVRFYLGQYCLVKQLYDKKQQHICYCSNDLLGDLLGVPSFSVKNEKQFNAILQRLLSNGELKKVE
task-26765770-15_spec_412,6,MNIPESEQETLVRPKPLLLKLLKSVGAQKDTLTMKEVQFYLGQYIMTKRLYDEKQQHIVYCSNDLLGDLFGVPSFSVKEHRKIYTMIYRNLVVVE,MNIPESEQETLVRPKPLLLKLLKSVGAQKDTLTMKEVQFYLGQYIMTKRLYDEKQQHIVYCSNDLLGDLFGVPSFSVKEHRKIYTMIYRNLVVVE,95,,0.78129,1.78795,0.79807,1.42508,1.1058,3,446.38602,940.4649,58.3187,58.3187,0.37895,0.44211,0.17895,task-26765770-15_spec_412.cif,95,26,121.0,121.0,0.0,0.04211,0.01053,0.01053,0.05263,0.04211,0.05263,0.09474,0.05263,0.03158,0.04211,0.13684,0.04211,0.06316,0.07368,0.09474,0.02105,0.03158,0.04211,0.06316,0.0,180,22,14,8,0,0,0,0,0,0,0,1.0,-1,0,0,,,0,,0.0,-1,0,0,,,0,,0.0,-1,0,0,,13-89,13,,10.0,0,-1,0,0,,,0,,0.0,0,-1,0,0,,,0,,0.0,-1,0,0,,1-86,4,,5.0,-1,0,0,,,0,,0.0,-1,0,0,,17-91,4,,5.0,,,,,"ProtTrypx13(pos13-89,sev10); MetOxx4(pos1-86,sev5); HydroPatchx4(pos17-91,sev5); UnpairedCys(pos61,sev10)",0.0,0.0,0.0,0.0,1.1058,1.1058,,,,True,False,True,True,0.0,0.0,100000.25,100000.25,0.0,0.74122,0.0,0.0,0.0,0.0,0.0,0.74122,False,False,False,False,False,False,False,False,False,False,False,False,1.42508,1.42508,,,,True,False,True,True,0.78129,9.34088,1.78795,0.78129,0.79009,0.0,0.78129,0.78129,0.81814,False,True,True,True,True,True,False,True,False,True,True,True,570.04211,123.6561,0,61.0,1.0,10.0,,,,,,,,,,1.42508,-1.78795,-58.3187,-940.4649,-1.78795,False,9,True,True,True,True,True,True,True,True,True,True,261.0,699.0,262.0,438.5,1431.5,1917.5,1917.5,6,0.9998505857040402,MNIPESEQETLVRPKPLLLKLLKSVGAQKDTLTMKEVQFYLGQYIMTKRLYDEKQQHIVYCSNDLLGDLFGVPSFSVKEHRKIYTMIYRNLVVVE
task-26766364-16_spec_755,7,SAVGVWACTAANGAKGCFEVHSADPNDLSVLSGTFTWDDGSTTDVTIKKGQEVKLGDGTATVESVELDGDVLTITITNGTGWTVDGVITCTKVAAC,SAVGVWACTAANGAKGCFEVHSADPNDLSVLSGTFTWDDGSTTDVTIKKGQEVKLGDGTATVESVELDGDVLTITITNGTGWTVDGVITCTKVAAC,96,0.57708,0.73774,1.80396,0.78675,0.82118,0.97139,2,444.23611,730.20532,45.0274,45.0274,0.36458,0.0,0.63542,task-26766364-16_spec_755.cif,96,26,122.0,122.0,0.0,0.125,0.09375,0.04167,0.0625,0.01042,0.15625,0.125,0.04167,0.03125,0.09375,0.05208,0.0,0.01042,0.04167,0.05208,0.01042,0.02083,0.0,0.0,0.03125,150,15,15,0,0,0,0,0,0,0,0,,-1,0,0,,,0,,0.0,-1,0,0,,6-82,3,,10.0,-1,0,0,,15-92,5,,10.0,0,-1,0,0,,12-78,2,,10.0,0,-1,0,0,,,0,,0.0,-1,0,0,,,0,,0.0,-1,0,0,,24-85,5,,10.0,-1,0,0,,,0,,0.0,,,,,"AspBridgex2(pos12-78,sev10); AspCleavex5(pos24-85,sev10); ProtTrypx5(pos15-92,sev10); TrpOxx3(pos6-82,sev10)",0.0,0.0,0.0,0.0,0.97139,0.97139,,,,True,False,True,True,0.0,0.0,100000.25,100000.25,0.0,0.73872,0.0,0.0,0.0,0.0,0.0,0.73872,False,False,False,False,False,False,False,False,False,False,False,False,0.82118,0.82118,,,,True,False,True,True,0.73774,10.0685,1.80396,0.73774,0.75942,0.0,0.73774,0.73774,0.81662,False,True,True,True,True,True,False,True,False,True,True,True,595.8186,151.58249,0,,,,,,1.37328,0.50341,0.42974,0.81882,1.92775,True,False,0.82118,-1.80396,-45.0274,-730.20532,-1.80396,False,9,True,True,True,True,True,True,True,True,True,True,1992.0,1464.0,287.0,1259.5,1431.5,1992.0,1992.0,7,0.9998207028448481,SAVGVWACTAANGAKGCFEVHSADPNDLSVLSGTFTWDDGSTTDVTIKKGQEVKLGDGTATVESVELDGDVLTITITNGTGWTVDGVITCTKVAAC
task-26766364-16_spec_452,8,MNIPEEEQETLVRPKPLLLKLLKSVGAQKDTLTMKEVQFYLGQYIMTKRLYDEKQQHIVYCSNDLLGDLFGVPSFSVKEHRKIYTMIYRNLVVLEDV,MNIPEEEQETLVRPKPLLLKLLKSVGAQKDTLTMKEVQFYLGQYIMTKRLYDEKQQHIVYCSNDLLGDLFGVPSFSVKEHRKIYTMIYRNLVVLEDV,97,0.3868,0.78649,1.77222,0.78706,1.70967,2.14439,2,443.49777,1040.17957,59.3588,59.3588,0.38144,0.4433,0.17526,task-26766364-16_spec_452.cif,97,26,123.0,123.0,0.0,0.04124,0.01031,0.01031,0.04124,0.04124,0.05155,0.09278,0.05155,0.03093,0.05155,0.14433,0.04124,0.06186,0.08247,0.09278,0.02062,0.03093,0.04124,0.06186,0.0,180,22,14,8,0,0,0,0,0,0,0,1.0,-1,0,0,,,0,,0.0,-1,0,0,,,0,,0.0,-1,0,0,,13-89,13,,10.0,0,-1,0,0,,,0,,0.0,0,-1,0,0,,,0,,0.0,-1,0,0,,1-86,4,,5.0,-1,0,0,,,0,,0.0,-1,0,0,,17-91,4,,5.0,,,,,"ProtTrypx13(pos13-89,sev10); MetOxx4(pos1-86,sev5); HydroPatchx4(pos17-91,sev5); UnpairedCys(pos61,sev10)",0.0,0.0,0.0,0.0,2.14439,2.14439,,,,True,False,False,True,0.0,0.0,100000.25,100000.25,0.0,0.59852,0.0,0.0,0.0,0.0,0.0,0.59852,False,False,False,False,False,False,False,False,False,False,False,False,1.70967,1.70967,,,,True,False,True,True,0.78649,9.77799,1.77222,0.78649,0.78421,0.0,0.78649,0.78649,0.7975,False,True,True,True,True,True,False,True,False,True,True,True,581.13861,137.64084,0,61.0,1.0,10.0,,,1.02735,0.45729,0.52779,0.64996,1.40475,False,False,1.70967,-1.77222,-59.3588,-1040.17957,-1.77222,False,9,True,True,True,True,True,True,True,True,True,True,203.0,1437.0,239.0,1259.5,1431.5,2020.5,2020.5,8,0.9997908199856562,MNIPEEEQETLVRPKPLLLKLLKSVGAQKDTLTMKEVQFYLGQYIMTKRLYDEKQQHIVYCSNDLLGDLFGVPSFSVKEHRKIYTMIYRNLVVLEDV
task-26765770-19_spec_998,9,PQGIPKEEQETLVRPKPLLLKLLKSVGAQKDTYTMGEVFFYLGQYIMTKRLYDKKQQHIVYCSNDLLGDLFGVPSFSVKENRKIYTMIYRQLVVVG,PQGIPKEEQETLVRPKPLLLKLLKSVGAQKDTYTMGEVFFYLGQYIMTKRLYDKKQQHIVYCSNDLLGDLFGVPSFSVKENRKIYTMIYRQLVVVG,96,,0.75399,2.15096,0.79601,1.51674,1.79598,2,443.43634,1142.85999,58.0099,58.0099,0.38542,0.4375,0.17708,task-26765770-19_spec_998.cif,96,26,122.0,122.0,0.0,0.07292,0.01042,0.01042,0.04167,0.05208,0.05208,0.09375,0.05208,0.02083,0.04167,0.125,0.03125,0.07292,0.05208,0.10417,0.01042,0.04167,0.04167,0.07292,0.0,190,23,15,8,0,0,0,0,0,0,0,1.0,1,1,5,,,0,,0.0,-1,0,0,,,0,,0.0,-1,0,0,,6-90,14,,10.0,0,-1,0,0,,,0,,0.0,0,-1,0,0,,,0,,0.0,-1,0,0,,35-87,3,,5.0,-1,0,0,,,0,,0.0,-1,0,0,,18-92,4,,5.0,,,,,"ProtTrypx14(pos6-90,sev10); DPP4(pos1,sev5); MetOxx3(pos35-87,sev5); HydroPatchx4(pos18-92,sev5); UnpairedCys(pos62,sev10)",0.0,0.0,0.0,0.0,1.79598,1.79598,,,,True,False,True,True,0.0,0.0,100000.25,100000.25,0.0,0.7059,0.0,0.0,0.0,0.0,0.0,0.7059,False,False,False,False,False,False,False,False,False,False,False,False,1.51674,1.51674,,,,True,False,True,True,0.75399,9.68506,2.15096,0.75399,0.78551,0.0,0.75399,0.75399,0.79221,False,False,True,True,True,True,False,True,False,True,True,True,570.6427,127.20636,0,62.0,1.0,10.0,,,,,,,,,,1.51674,-2.15096,-58.0099,-1142.85999,-2.15096,False,9,True,True,True,True,True,True,True,True,True,True,912.0,780.0,1670.0,1259.5,1431.5,2023.5,2023.5,9,0.9997609371264643,PQGIPKEEQETLVRPKPLLLKLLKSVGAQKDTYTMGEVFFYLGQYIMTKRLYDKKQQHIVYCSNDLLGDLFGVPSFSVKENRKIYTMIYRQLVVVG
task-26766364-5_spec_916,10,SSTQERCSMILTEMESHEFAWPFLEPVTDEEVPGYHTVIKNPMDLGTMREKLENGDYKSELEFAKDVALIFSNCKTYNKPGSDIYKMAIALGKFFLEKARDVFSKEALQLIENAME,SSTQERCSMILTEMESHEFAWPFLEPVTDEEVPGYHTVIKNPMDLGTMREKLENGDYKSELEFAKDVALIFSNCKTYNKPGSDIYKMAIALGKFFLEKARDVFSKEALQLIENAME,116,0.81004,0.7687,2.1643,0.80121,0.78449,0.92325,3,438.40222,1030.97363,56.5259,56.5259,0.31034,0.68966,0.0,task-26766364-5_spec_916.cif,116,26,142.0,142.0,0.0,0.0431,0.06897,0.01724,0.06897,0.0431,0.05172,0.0431,0.05172,0.0431,0.05172,0.08621,0.05172,0.01724,0.12931,0.08621,0.01724,0.06034,0.02586,0.03448,0.00862,200,24,16,8,0,0,0,0,0,0,0,,-1,0,0,,,0,,0.0,21,1,10,,,0,,0.0,-1,0,0,,6-105,13,,10.0,0,-1,0,0,,54-113,2,,10.0,0,-1,0,0,,,0,,0.0,-1,0,0,,9-115,6,,5.0,-1,0,0,,,0,,0.0,-1,0,0,,69-94,2,,5.0,,,,,"AspBridgex2(pos54-113,sev10); ProtTrypx13(pos6-105,sev10); MetOxx6(pos9-115,sev5); TrpOx(pos21,sev10); HydroPatchx2(pos69-94,sev5)",0.0,0.0,0.0,0.0,0.92325,0.92325,,,,True,False,True,True,0.0,0.0,100000.25,100000.25,0.0,0.67118,0.0,0.0,0.0,0.0,0.0,0.67118,False,False,False,False,False,False,False,False,False,False,False,False,0.78449,0.78449,,,,True,False,True,True,0.7687,9.7605,2.1643,0.7687,0.79028,0.0,0.7687,0.7687,0.83483,False,False,True,True,True,True,True,True,False,True,True,True,562.84705,124.44481,0,,,,,,-0.34392,0.89267,0.9753,-0.57254,-0.1153,True,True,0.78449,-2.1643,-56.5259,-1030.97363,-2.1643,False,9,True,True,True,True,True,True,True,True,True,True,458.0,565.0,1752.0,438.5,1431.5,2259.5,2259.5,10,0.9997310542672723,SSTQERCSMILTEMESHEFAWPFLEPVTDEEVPGYHTVIKNPMDLGTMREKLENGDYKSELEFAKDVALIFSNCKTYNKPGSDIYKMAIALGKFFLEKARDVFSKEALQLIENAME
task-26766364-18_spec_716,11,SLDEQLKKCSKILNSMLSHKDAWPFRQPVSPLEVPDYYTIIKNPMDFGTMREKLEARDYRSALEFAKDVVLIFSNCYKYNPPDSRVYQMARNLLKFAASKARELGLTGVAEMLDAMLEEME,SLDEQLKKCSKILNSMLSHKDAWPFRQPVSPLEVPDYYTIIKNPMDFGTMREKLEARDYRSALEFAKDVVLIFSNCYKYNPPDSRVYQMARNLLKFAASKARELGLTGVAEMLDAMLEEME,121,0.60043,0.73921,2.24663,0.78078,0.52446,1.01229,2,448.92047,1197.24463,56.5652,56.5652,0.28099,0.71901,0.0,task-26766364-18_spec_716.cif,121,26,147.0,147.0,0.0,0.02479,0.08264,0.01653,0.07438,0.05785,0.02479,0.04959,0.03306,0.04132,0.06612,0.1157,0.05785,0.02479,0.08264,0.08264,0.00826,0.04132,0.05785,0.04959,0.00826,240,28,20,8,0,0,0,0,0,0,0,,-1,0,0,,,0,,0.0,23,1,10,,,0,,0.0,-1,0,0,,7-102,17,,10.0,0,14,2,10,,,0,,0.0,0,-1,0,0,,,0,,0.0,-1,0,0,,16-120,7,,5.0,83,2,10,,,0,,0.0,69,5,5,,,0,,0.0,,,,,"AspBridge(pos14,sev10); AspCleave(pos83,sev10); ProtTrypx17(pos7-102,sev10); MetOxx7(pos16-120,sev5); TrpOx(pos23,sev10); HydroPatch(pos69,sev5)",0.0,0.0,0.0,0.0,1.01229,1.01229,,,,True,False,True,True,0.0,0.0,100000.25,100000.25,0.0,0.62705,0.0,0.0,0.0,0.0,0.0,0.62705,False,False,False,False,False,False,False,False,False,False,False,False,0.52446,0.52446,,,,True,False,True,True,0.73921,9.8804,2.24663,0.73921,0.77039,0.0,0.73921,0.73921,0.80891,False,False,True,True,True,True,False,True,False,True,True,True,576.63861,127.71814,0,,,,,,0.6624,0.70504,0.80964,0.43258,0.89221,True,False,0.52446,-2.24663,-56.5652,-1197.24463,-2.24663,False,9,True,True,True,True,True,True,True,True,True,True,1876.0,2109.0,2345.0,1259.5,1431.5,1833.0,2345.0,11,0.9997011714080803,SLDEQLKKCSKILNSMLSHKDAWPFRQPVSPLEVPDYYTIIKNPMDFGTMREKLEARDYRSALEFAKDVVLIFSNCYKYNPPDSRVYQMARNLLKFAASKARELGLTGVAEMLDAMLEEME
task-26765770-18_spec_099,12,SEEEIQEYIDKAGEARVRVARLAGPERTRELAERGYEIVLEMVSDPEIRALAKKALEAVLRLAERPDDLELAREAAKLLVDMLVEIIKKYGEELAEEICKRCDAVAEELAGDNEELIAAFKEMNEAILKAAKLLYAK,SEEEIQEYIDKAGEARVRVARLAGPERTRELAERGYEIVLEMVSDPEIRALAKKALEAVLRLAERPDDLELAREAAKLLVDMLVEIIKKYGEELAEEICKRCDAVAEELAGDNEELIAAFKEMNEAILKAAKLLYAK,137,,0.77402,2.26468,0.78591,0.56397,0.76071,3,558.89587,1117.56592,53.4135,53.4135,0.10219,0.89781,0.0,task-26765770-18_spec_099.cif,137,26,163.0,163.0,0.0,0.0365,0.16788,0.0146,0.0146,0.0219,0.0073,0.05839,0.06569,0.0146,0.05109,0.13139,0.0219,0.0073,0.18978,0.08029,0.0,0.0073,0.08029,0.0292,0.0,250,28,22,6,0,0,0,0,0,0,0,,-1,0,0,,,0,,0.0,-1,0,0,,,0,,0.0,-1,0,0,,11-132,21,,10.0,0,-1,0,0,,,0,,0.0,0,-1,0,0,,,0,,0.0,-1,0,0,,42-123,3,,5.0,45,2,10,,,0,,0.0,-1,0,0,,38-133,3,,5.0,,,,,"AspCleave(pos45,sev10); ProtTrypx21(pos11-132,sev10); MetOxx3(pos42-123,sev5); HydroPatchx3(pos38-133,sev5)",0.0,0.0,0.0,0.0,0.76071,0.76071,,,,True,False,True,True,0.0,0.0,100000.25,100000.25,0.0,0.80988,0.0,0.0,0.0,0.0,0.0,0.80988,False,False,False,False,False,False,True,True,False,False,False,False,0.56397,0.56397,,,,True,False,True,True,0.77402,8.5722,2.26468,0.77402,0.77933,0.0,0.77402,0.77402,0.83473,False,False,True,True,True,True,False,True,False,True,True,True,560.39355,1.49766,1,,,,,,,,,,,,,0.56397,-2.26468,-53.4135,-1117.56592,-2.26468,False,9,True,True,True,True,True,True,True,True,True,True,366.0,1561.0,2485.0,438.5,286.0,236.0,2485.0,12,0.9996712885488883,SEEEIQEYIDKAGEARVRVARLAGPERTRELAERGYEIVLEMVSDPEIRALAKKALEAVLRLAERPDDLELAREAAKLLVDMLVEIIKKYGEELAEEICKRCDAVAEELAGDNEELIAAFKEMNEAILKAAKLLYAK
task-26766364-4_spec_133,13,GEETLKAIEEARELFKELIDTLLPMVPPEAQALLREVLKLGEERLYPLAVELAKKHPEEALKIATETTEKLKELLEKARAADAAQAADVLRDLADLALRTADEIAALFPDDPLAQELAALERECAELLRKAAELAA,GEETLKAIEEARELFKELIDTLLPMVPPEAQALLREVLKLGEERLYPLAVELAKKHPEEALKIATETTEKLKELLEKARAADAAQAADVLRDLADLALRTADEIAALFPDDPLAQELAALERECAELLRKAAELAA,136,0.56007,0.79934,2.2721,0.78368,0.52073,0.52344,2,563.46918,1735.02002,57.2231,57.2231,0.10294,0.89706,0.0,task-26766364-4_spec_133.cif,136,26,162.0,162.0,0.0,0.01471,0.20588,0.00735,0.0,0.05147,0.04412,0.02941,0.02941,0.0,0.05882,0.19853,0.00735,0.02206,0.16912,0.07353,0.00735,0.01471,0.05882,0.00735,0.0,205,21,20,1,0,0,0,0,0,0,0,1.0,-1,0,0,,,0,,0.0,-1,0,0,,,0,,0.0,-1,0,0,,6-130,18,,10.0,0,-1,0,0,,,0,,0.0,0,-1,0,0,,,0,,0.0,25,1,5,,,0,,0.0,111,2,10,,,0,,0.0,-1,0,0,,,0,,0.0,,,,,"AspCleave(pos111,sev10); ProtTrypx18(pos6-130,sev10); MetOx(pos25,sev5); UnpairedCys(pos124,sev10)",0.0,0.0,0.0,0.0,0.52344,0.52344,,,,True,False,True,True,0.0,0.0,100000.25,100000.25,0.0,0.78761,0.0,0.0,0.0,0.0,0.0,0.78761,False,False,False,False,False,False,False,True,False,False,False,False,0.52073,0.52073,,,,True,False,True,True,0.79934,8.70765,2.2721,0.79934,0.77736,0.0,0.79934,0.79934,0.81154,False,False,True,True,True,True,False,True,False,True,True,True,563.84656,0.37738,0,124.0,1.0,10.0,,,0.31867,0.52542,0.49077,0.86998,-0.23263,True,False,0.52073,-2.2721,-57.2231,-1735.02002,-2.2721,False,9,True,True,True,True,True,True,True,True,True,True,114.0,1783.0,2545.0,1259.5,1431.5,169.5,2545.0,13,0.9996414056896964,GEETLKAIEEARELFKELIDTLLPMVPPEAQALLREVLKLGEERLYPLAVELAKKHPEEALKIATETTEKLKELLEKARAADAAQAADVLRDLADLALRTADEIAALFPDDPLAQELAALERECAELLRKAAELAA
task-26766364-14_spec_128,14,GKRFRATVTVQLPGEPVKKVEVEVEESDTVREFVTKVLEATGSEKHVSLEDAVREICEALGVPPDTPITPELLKKLQEYIQNTPDPNILSFEIEEIP,GKRFRATVTVQLPGEPVKKVEVEVEESDTVREFVTKVLEATGSEKHVSLEDAVREICEALGVPPDTPITPELLKKLQEYIQNTPDPNILSFEIEEIP,97,0.75105,0.76755,1.95615,0.77664,0.72243,0.68496,3,510.98459,1137.08545,50.4325,50.4325,0.35052,0.38144,0.26804,task-26766364-14_spec_128.cif,97,26,123.0,123.0,0.0,0.04124,0.04124,0.01031,0.04124,0.09278,0.08247,0.12371,0.06186,0.02062,0.04124,0.08247,0.0,0.03093,0.16495,0.07216,0.01031,0.03093,0.04124,0.01031,0.0,130,13,13,0,0,0,0,0,0,0,0,1.0,-1,0,0,,,0,,0.0,-1,0,0,,,0,,0.0,-1,0,0,,2-75,11,,10.0,0,-1,0,0,,,0,,0.0,0,-1,0,0,,,0,,0.0,-1,0,0,,,0,,0.0,85,2,10,,,0,,0.0,-1,0,0,,,0,,0.0,,,,,"AspCleave(pos85,sev10); ProtTrypx11(pos2-75,sev10); UnpairedCys(pos57,sev10)",0.0,0.0,0.0,0.0,0.68496,0.68496,,,,True,False,True,True,0.0,0.0,100000.25,100000.25,0.0,0.74055,0.0,0.0,0.0,0.0,0.0,0.74055,False,False,False,False,False,False,False,False,False,False,False,False,0.72243,0.72243,,,,True,False,True,True,0.76755,8.57942,1.95615,0.76755,0.76944,0.0,0.76755,0.76755,0.82416,False,True,True,True,True,True,False,True,False,True,True,True,540.96295,29.97835,1,57.0,1.0,10.0,,,0.64328,0.69302,0.635,1.09704,0.18953,True,True,0.72243,-1.95615,-50.4325,-1137.08545,-1.95615,False,9,True,True,True,True,True,True,True,True,True,True,475.0,2689.0,625.0,438.5,286.0,990.0,2689.0,14,0.9996115228305045,GKRFRATVTVQLPGEPVKKVEVEVEESDTVREFVTKVLEATGSEKHVSLEDAVREICEALGVPPDTPITPELLKKLQEYIQNTPDPNILSFEIEEIP
task-26766364-19_spec_011,15,SLEEKIDELAEKTYKDLLEVFESKSPENIAAARTVADEIRDILRGAEGLTEEDLEEAEGIVDEGIAKLKQYPSDSPERIAVVQECLERLKAMAARLQ,SLEEKIDELAEKTYKDLLEVFESKSPENIAAARTVADEIRDILRGAEGLTEEDLEEAEGIVDEGIAKLKQYPSDSPERIAVVQECLERLKAMAARLQ,97,0.56383,0.74211,1.88721,0.77594,0.94524,1.07761,6,439.15094,1086.3064,47.5498,47.5498,0.20619,0.79381,0.0,task-26766364-19_spec_011.cif,97,26,123.0,123.0,0.0,0.04124,0.12371,0.01031,0.05155,0.03093,0.03093,0.05155,0.07216,0.01031,0.07216,0.1134,0.01031,0.03093,0.18557,0.07216,0.0,0.01031,0.06186,0.02062,0.0,155,16,15,1,0,0,0,0,0,0,0,1.0,-1,0,0,,,0,,0.0,-1,0,0,,,0,,0.0,-1,0,0,,5-95,13,,10.0,0,-1,0,0,,,0,,0.0,0,-1,0,0,,,0,,0.0,92,1,5,,,0,,0.0,74,2,10,,,0,,0.0,-1,0,0,,,0,,0.0,,,,,"AspCleave(pos74,sev10); ProtTrypx13(pos5-95,sev10); MetOx(pos92,sev5); UnpairedCys(pos85,sev10)",0.0,0.0,0.0,0.0,1.07761,1.07761,,,,True,False,True,True,0.0,0.0,100000.25,100000.25,0.0,0.67255,0.0,0.0,0.0,0.0,0.0,0.67255,False,False,False,False,False,False,False,False,False,False,False,False,0.94524,0.94524,,,,True,False,True,True,0.74211,9.49587,1.88721,0.74211,0.74878,0.0,0.74211,0.74211,0.85098,False,True,True,True,True,True,False,True,False,True,True,True,562.38281,123.23188,2,85.0,1.0,10.0,,,1.19691,0.54613,0.52843,0.70015,1.69366,True,False,0.94524,-1.88721,-47.5498,-1086.3064,-1.88721,False,9,True,True,True,True,True,True,True,True,True,True,1639.0,2813.0,434.0,9.0,37.0,2221.5,2813.0,15,0.9995816399713124,SLEEKIDELAEKTYKDLLEVFESKSPENIAAARTVADEIRDILRGAEGLTEEDLEEAEGIVDEGIAKLKQYPSDSPERIAVVQECLERLKAMAARLQ
task-26766364-10_spec_517,16,SIIPESEQETLVRPKPLLLKLLKSVGAQKDTLTMKEVQFYLGQYIMTKRLYDEKQQHIVYCSNDLLGDLFGVPSFSVKEHNKIYTMIYRNLVVVG,SIIPESEQETLVRPKPLLLKLLKSVGAQKDTLTMKEVQFYLGQYIMTKRLYDEKQQHIVYCSNDLLGDLFGVPSFSVKEHNKIYTMIYRNLVVVG,95,0.44414,0.78021,1.8389,0.7982,1.28648,1.32451,2,423.84271,928.93988,58.7666,58.7666,0.37895,0.44211,0.17895,task-26766364-10_spec_517.cif,95,26,121.0,121.0,0.0,0.05263,0.01053,0.01053,0.06316,0.04211,0.05263,0.09474,0.06316,0.03158,0.04211,0.13684,0.03158,0.06316,0.06316,0.09474,0.02105,0.03158,0.03158,0.06316,0.0,165,20,13,7,0,0,0,0,0,0,0,1.0,-1,0,0,,,0,,0.0,-1,0,0,,,0,,0.0,-1,0,0,,13-89,12,,10.0,0,-1,0,0,,,0,,0.0,0,-1,0,0,,,0,,0.0,-1,0,0,,34-86,3,,5.0,-1,0,0,,,0,,0.0,-1,0,0,,17-91,4,,5.0,,,,,"ProtTrypx12(pos13-89,sev10); MetOxx3(pos34-86,sev5); HydroPatchx4(pos17-91,sev5); UnpairedCys(pos61,sev10)",0.0,0.0,0.0,0.0,1.32451,1.32451,,,,True,False,True,True,0.0,0.0,100000.25,100000.25,0.0,0.67103,0.0,0.0,0.0,0.0,0.0,0.67103,False,False,False,False,False,False,False,False,False,False,False,False,1.28648,1.28648,,,,True,False,True,True,0.78021,9.14249,1.8389,0.78021,0.79062,0.0,0.78021,0.78021,0.80578,False,True,True,True,True,True,False,True,False,True,True,True,569.15649,145.31378,0,61.0,1.0,10.0,,,0.82211,0.61147,0.77879,0.42634,1.21788,False,False,1.28648,-1.8389,-58.7666,-928.93988,-1.8389,False,9,True,True,True,True,True,True,True,True,True,True,275.0,693.0,333.0,1259.5,1431.5,3140.0,3140.0,16,0.9995517571121205,SIIPESEQETLVRPKPLLLKLLKSVGAQKDTLTMKEVQFYLGQYIMTKRLYDEKQQHIVYCSNDLLGDLFGVPSFSVKEHNKIYTMIYRNLVVVG
task-26766364-18_spec_473,17,GEVENMMVEAMKKVPEERVLRYTEKFAKALKAKNLEEALKVCQECARYLVEKGLISQAEADRLIEYVSKFKTCEELLAFFLRIAKKVSPEVAAILASI,GEVENMMVEAMKKVPEERVLRYTEKFAKALKAKNLEEALKVCQECARYLVEKGLISQAEADRLIEYVSKFKTCEELLAFFLRIAKKVSPEVAAILASI,98,0.32494,0.84458,1.95783,0.82867,0.58167,0.83173,1,569.93842,1173.6012,54.3192,54.3192,0.20408,0.79592,0.0,task-26766364-18_spec_473.cif,98,26,124.0,124.0,0.0,0.02041,0.13265,0.03061,0.04082,0.02041,0.02041,0.09184,0.05102,0.02041,0.0102,0.11224,0.03061,0.02041,0.15306,0.12245,0.0,0.04082,0.05102,0.03061,0.0,225,25,20,5,0,0,0,0,0,0,0,3.0,-1,0,0,,,0,,0.0,-1,0,0,,,0,,0.0,-1,0,0,,12-86,17,,10.0,0,-1,0,0,,,0,,0.0,0,-1,0,0,,,0,,0.0,-1,0,0,,6-11,3,,5.0,-1,0,0,,,0,,0.0,-1,0,0,,48-79,2,,5.0,42-73,3.0,,10.0,"ProtTrypx17(pos12-86,sev10); MetOxx3(pos6-11,sev5); HydroPatchx2(pos48-79,sev5); UnpairedCysx3(pos42-73,sev10)",0.0,0.0,0.0,0.0,0.83173,0.83173,,,,True,False,True,True,0.0,0.0,100000.25,100000.25,0.0,0.79232,0.0,0.0,0.0,0.0,0.0,0.79232,False,False,False,False,False,False,False,True,False,False,False,False,0.58167,0.58167,,,,True,False,True,True,0.84458,7.5372,1.95783,0.84458,0.82795,0.0,0.84458,0.84458,0.86715,False,True,True,True,True,True,True,True,True,True,True,True,571.54535,1.60696,1,,,,,,0.79961,0.55705,0.78916,1.08866,0.51055,False,False,0.58167,-1.95783,-54.3192,-1173.6012,-1.95783,False,9,True,True,True,True,True,True,True,True,True,True,6.0,89.0,636.0,3285.0,286.0,97.5,3285.0,17,0.9995218742529285,GEVENMMVEAMKKVPEERVLRYTEKFAKALKAKNLEEALKVCQECARYLVEKGLISQAEADRLIEYVSKFKTCEELLAFFLRIAKKVSPEVAAILASI
task-26766364-5_spec_315,18,SELEKLIEELEEEGKKALETIEKLVPDPEVQATARRLFEVCKELAPVLVELCERHPELREPLIALLKRALEALKRLAEATNVEEIIEALRDLLAVTKDIIAVLKQHVPPDDPVRQKALALLNEEIELLRKLIELLEAL,SELEKLIEELEEEGKKALETIEKLVPDPEVQATARRLFEVCKELAPVLVELCERHPELREPLIALLKRALEALKRLAEATNVEEIIEALRDLLAVTKDIIAVLKQHVPPDDPVRQKALALLNEEIELLRKLIELLEAL,138,0.81991,0.84215,1.47591,0.78974,0.62934,0.70833,1,572.53619,1506.77991,63.1743,63.1743,0.13043,0.86957,0.0,task-26766364-5_spec_315.cif,138,26,164.0,164.0,0.0,0.00725,0.1087,0.01449,0.00725,0.05797,0.02899,0.07246,0.06522,0.01449,0.03623,0.21014,0.0,0.02174,0.18841,0.07971,0.01449,0.00725,0.06522,0.0,0.0,225,23,22,1,0,0,0,0,0,0,0,,-1,0,0,,,0,,0.0,-1,0,0,,,0,,0.0,-1,0,0,,5-130,20,,10.0,0,-1,0,0,,,0,,0.0,0,-1,0,0,,,0,,0.0,-1,0,0,,,0,,0.0,-1,0,0,,27-111,2,,10.0,47,3,5,,,0,,0.0,,,,,"AspCleavex2(pos27-111,sev10); ProtTrypx20(pos5-130,sev10); HydroPatch(pos47,sev5)",0.0,0.0,0.0,0.0,0.70833,0.70833,,,,True,False,True,True,0.0,0.0,100000.25,100000.25,0.0,0.82059,0.0,0.0,0.0,0.0,0.0,0.82059,False,False,False,False,False,False,True,True,False,False,False,False,0.62934,0.62934,,,,True,False,True,True,0.84215,8.34759,1.47591,0.84215,0.79315,0.0,0.84215,0.84215,0.81792,True,True,True,True,True,True,False,True,True,True,True,True,576.68744,4.15122,0,,,,,,0.35957,0.82444,0.82896,1.12543,-0.40628,True,True,0.62934,-1.47591,-63.1743,-1506.77991,-1.47591,False,9,True,True,True,True,True,True,True,True,True,True,8.0,1200.0,43.0,3285.0,1431.5,77.5,3285.0,17,0.9994919913937366,SELEKLIEELEEEGKKALETIEKLVPDPEVQATARRLFEVCKELAPVLVELCERHPELREPLIALLKRALEALKRLAEATNVEEIIEALRDLLAVTKDIIAVLKQHVPPDDPVRQKALALLNEEIELLRKLIELLEAL
task-26766364-15_spec_026,19,LAAAAVAGIAAMVLAGLELTKTVLEKYPEAKPAIDELLPELYAKGLPLLLKLAAADPAAAAAFGLAGAALCLEARKMIEAGAPLDKALKYLGEKTLEVGEKVAAAAPSPEAREAAVELGKVTKEIMEKIAEKVK,LAAAAVAGIAAMVLAGLELTKTVLEKYPEAKPAIDELLPELYAKGLPLLLKLAAADPAAAAAFGLAGAALCLEARKMIEAGAPLDKALKYLGEKTLEVGEKVAAAAPSPEAREAAVELGKVTKEIMEKIAEKVK,134,0.71727,0.82934,1.80204,0.78737,0.89564,0.86549,1,553.1394,2734.64819,55.2978,55.2978,0.08955,0.91045,0.0,task-26766364-15_spec_026.cif,134,26,160.0,160.0,0.0,0.06716,0.25373,0.00746,0.00746,0.0597,0.02985,0.0597,0.03731,0.0,0.02239,0.15672,0.02239,0.0,0.1194,0.11194,0.0,0.00746,0.01493,0.02239,0.0,200,22,18,4,0,0,0,0,0,0,0,1.0,-1,0,0,,,0,,0.0,-1,0,0,,,0,,0.0,-1,0,0,,21-132,16,,10.0,0,-1,0,0,,,0,,0.0,0,-1,0,0,,,0,,0.0,-1,0,0,,12-126,3,,5.0,56,2,10,,,0,,0.0,48,3,5,,,0,,0.0,,,,,"AspCleave(pos56,sev10); ProtTrypx16(pos21-132,sev10); MetOxx3(pos12-126,sev5); HydroPatch(pos48,sev5); UnpairedCys(pos71,sev10)",0.0,0.0,0.0,0.0,0.86549,0.86549,,,,True,False,True,True,0.0,0.0,100000.25,100000.25,0.0,0.7601,0.0,0.0,0.0,0.0,0.0,0.7601,False,False,False,False,False,False,False,True,False,False,False,False,0.89564,0.89564,,,,True,False,True,True,0.82934,8.32907,1.80204,0.82934,0.78237,0.0,0.82934,0.82934,0.82614,False,True,True,True,True,True,False,True,True,True,True,True,554.67969,1.5403,0,71.0,1.0,10.0,,,0.59958,0.64184,0.56641,0.92594,0.27323,True,False,0.89564,-1.80204,-55.2978,-2734.64819,-1.80204,False,9,True,True,True,True,True,True,True,True,True,True,23.0,1408.0,283.0,3285.0,1431.5,336.0,3285.0,17,0.9994621085345445,LAAAAVAGIAAMVLAGLELTKTVLEKYPEAKPAIDELLPELYAKGLPLLLKLAAADPAAAAAFGLAGAALCLEARKMIEAGAPLDKALKYLGEKTLEVGEKVAAAAPSPEAREAAVELGKVTKEIMEKIAEKVK
task-26765770-11_spec_405,20,SPVEKALRKCTEVLRKAIEQIRKILENPESTTSPAQRQRLREALTPLGQKFVETLKTLPGGETREELLEAVTQLGDVTTEALDAGADAKKIAEILLKALKEIIDILEKYAPDDPAAQALVAVLKEIIAAIEEILASL,SPVEKALRKCTEVLRKAIEQIRKILENPESTTSPAQRQRLREALTPLGQKFVETLKTLPGGETREELLEAVTQLGDVTTEALDAGADAKKIAEILLKALKEIIDILEKYAPDDPAAQALVAVLKEIIAAIEEILASL,137,,0.8282,1.91485,0.77345,0.75061,0.75571,1,506.53323,1304.62549,54.6102,54.6102,0.16788,0.83212,0.0,task-26765770-11_spec_405.cif,137,26,163.0,163.0,0.0,0.0365,0.13869,0.0073,0.0292,0.05109,0.07299,0.05109,0.08759,0.0073,0.0438,0.14599,0.0,0.0438,0.13139,0.08759,0.0,0.0073,0.05109,0.0073,0.0,215,22,21,1,0,0,0,0,0,0,0,1.0,-1,0,0,,,0,,0.0,-1,0,0,,,0,,0.0,-1,0,0,,5-124,19,,10.0,0,-1,0,0,,,0,,0.0,0,-1,0,0,,,0,,0.0,-1,0,0,,,0,,0.0,113,2,10,,,0,,0.0,94,3,5,,,0,,0.0,,,,,"AspCleave(pos113,sev10); ProtTrypx19(pos5-124,sev10); HydroPatch(pos94,sev5); UnpairedCys(pos10,sev10)",0.0,0.0,0.0,0.0,0.75571,0.75571,,,,True,False,True,True,0.0,0.0,100000.25,100000.25,0.0,0.72069,0.0,0.0,0.0,0.0,0.0,0.72069,False,False,False,False,False,False,False,False,False,False,False,False,0.75061,0.75061,,,,True,False,True,True,0.8282,8.83548,1.91485,0.8282,0.77568,0.0,0.8282,0.8282,0.86799,False,True,True,True,True,True,False,True,True,True,True,True,585.28436,78.75114,1,10.0,1.0,10.0,,,,,,,,,,0.75061,-1.91485,-54.6102,-1304.62549,-1.91485,False,9,True,True,True,True,True,True,True,True,True,True,25.0,3221.0,508.0,3285.0,286.0,1027.0,3285.0,17,0.9994322256753526,SPVEKALRKCTEVLRKAIEQIRKILENPESTTSPAQRQRLREALTPLGQKFVETLKTLPGGETREELLEAVTQLGDVTTEALDAGADAKKIAEILLKALKEIIDILEKYAPDDPAAQALVAVLKEIIAAIEEILASL
task-26766364-15_spec_670,25,SDQLKICSVILNEMLIHEFAWPFRQPVSPLEVPDYYTVIKNPMDFATVREKLDAGEYRSAQEFAKDVSLIFSNCKKYNRPDSRVYKMARALGKFFAGQCESRGLHSVAQMILDTLE,SDQLKICSVILNEMLIHEFAWPFRQPVSPLEVPDYYTVIKNPMDFATVREKLDAGEYRSAQEFAKDVSLIFSNCKKYNRPDSRVYKMARALGKFFAGQCESRGLHSVAQMILDTLE,116,0.59787,0.79721,2.0336,0.82072,0.72196,1.89361,1,474.54309,1483.65173,56.5259,56.5259,0.2931,0.7069,0.0,task-26766364-15_spec_670.cif,116,26,142.0,142.0,0.0,0.03448,0.07759,0.02586,0.07759,0.05172,0.02586,0.06897,0.05172,0.03448,0.06034,0.08621,0.03448,0.0431,0.06897,0.06897,0.01724,0.06034,0.06034,0.0431,0.00862,230,26,20,6,0,0,0,0,0,0,0,3.0,-1,0,0,,,0,,0.0,21,1,10,,,0,,0.0,-1,0,0,,5-102,15,,10.0,0,-1,0,0,,,0,,0.0,0,-1,0,0,,,0,,0.0,-1,0,0,,14-110,4,,5.0,81,2,10,,,0,,0.0,-1,0,0,,9-69,2,,5.0,7-99,3.0,,10.0,"AspCleave(pos81,sev10); ProtTrypx15(pos5-102,sev10); MetOxx4(pos14-110,sev5); TrpOx(pos21,sev10); HydroPatchx2(pos9-69,sev5); UnpairedCysx3(pos7-99,sev10)",0.0,0.0,0.0,0.0,1.89361,1.89361,,,,True,False,True,True,0.0,0.0,100000.25,100000.25,0.0,0.63259,0.0,0.0,0.0,0.0,0.0,0.63259,False,False,False,False,False,False,False,False,False,False,False,False,0.72196,0.72196,,,,True,False,True,True,0.79721,9.40279,2.0336,0.79721,0.80941,0.0,0.79721,0.79721,0.82054,False,False,True,True,True,True,True,True,False,True,True,True,578.28888,103.7458,0,,,,,,0.29897,0.72333,0.8488,-0.13926,0.7372,True,False,0.72196,-2.0336,-56.5259,-1483.65173,-2.0336,False,9,True,True,True,True,True,True,True,True,True,True,127.0,152.0,950.0,3285.0,1431.5,1316.5,3285.0,17,0.9992828113793928,SDQLKICSVILNEMLIHEFAWPFRQPVSPLEVPDYYTVIKNPMDFATVREKLDAGEYRSAQEFAKDVSLIFSNCKKYNRPDSRVYKMARALGKFFAGQCESRGLHSVAQMILDTLE
task-26766364-9_spec_080,27,GAEVEAVKELCEKLGEEFDELLAELTNPALRAAAQRAHDVHKEVFPLFLEGARADPELGAFLAKRLQEILDTVRAMREAGKSPEEILLEAATLTLETCEEIAARCPADSPFAKAARACAVPLAELIAVLKAL,GAEVEAVKELCEKLGEEFDELLAELTNPALRAAAQRAHDVHKEVFPLFLEGARADPELGAFLAKRLQEILDTVRAMREAGKSPEEILLEAATLTLETCEEIAARCPADSPFAKAARACAVPLAELIAVLKAL,132,0.75031,0.79566,2.25725,0.78137,0.45144,0.90338,1,544.34473,1807.52332,55.8288,55.8288,0.12121,0.87879,0.0,task-26766364-9_spec_080.cif,132,26,158.0,158.0,0.0,0.03788,0.20455,0.0303,0.01515,0.05303,0.03788,0.05303,0.0303,0.00758,0.03788,0.15152,0.00758,0.01515,0.15152,0.05303,0.01515,0.03788,0.06061,0.0,0.0,185,20,17,3,0,0,0,0,0,0,0,,-1,0,0,,,0,,0.0,-1,0,0,,,0,,0.0,-1,0,0,,8-130,15,,10.0,0,-1,0,0,,,0,,0.0,0,-1,0,0,,,0,,0.0,76,1,5,,,0,,0.0,-1,0,0,,55-108,2,,10.0,-1,0,0,,47-86,2,,5.0,,,,,"AspCleavex2(pos55-108,sev10); ProtTrypx15(pos8-130,sev10); MetOx(pos76,sev5); HydroPatchx2(pos47-86,sev5)",0.0,0.0,0.0,0.0,0.90338,0.90338,,,,True,False,True,True,0.0,0.0,100000.25,100000.25,0.0,0.78627,0.0,0.0,0.0,0.0,0.0,0.78627,False,False,False,False,False,False,False,True,False,False,False,False,0.45144,0.45144,,,,True,False,True,True,0.79566,8.68576,2.25725,0.79566,0.77441,0.0,0.79566,0.79566,0.81429,False,False,True,True,True,True,False,True,False,True,True,True,559.53748,15.19278,0,,,,,,0.43034,0.68106,0.61182,0.86294,-0.00226,True,True,0.45144,-2.25725,-55.8288,-1807.52332,-2.25725,False,9,True,True,True,True,True,True,True,True,True,True,141.0,2020.0,2426.0,3285.0,1431.5,495.0,3285.0,17,0.9992230456610088,GAEVEAVKELCEKLGEEFDELLAELTNPALRAAAQRAHDVHKEVFPLFLEGARADPELGAFLAKRLQEILDTVRAMREAGKSPEEILLEAATLTLETCEEIAARCPADSPFAKAARACAVPLAELIAVLKAL
task-26766364-14_spec_188,30,SEALERCKKIIDDMIDMAKGKETTDPELQEKQRKAIVDLLESDPEYVAAVQAARDGKLSPENLLRMIEVLKKAVKEVLEKFGGLSLDVIEEIVSYILDSAIKLTPPDSETYKMARELKKYFEEKLKKAREEN,SEALERCKKIIDDMIDMAKGKETTDPELQEKQRKAIVDLLESDPEYVAAVQAARDGKLSPENLLRMIEVLKKAVKEVLEKFGGLSLDVIEEIVSYILDSAIKLTPPDSETYKMARELKKYFEEKLKKAREEN,132,0.773,0.78884,2.14522,0.83914,0.95046,1.33717,1,440.35294,1088.97705,50.2356,50.2356,0.18182,0.80303,0.01515,task-26766364-14_spec_188.cif,132,26,158.0,158.0,0.0,0.0303,0.08333,0.00758,0.05303,0.03788,0.0303,0.06061,0.06818,0.01515,0.07576,0.11364,0.0303,0.02273,0.14394,0.13636,0.0,0.01515,0.04545,0.0303,0.0,325,35,30,5,0,0,0,0,0,0,0,1.0,-1,0,0,,,0,,0.0,-1,0,0,,,0,,0.0,-1,0,0,,6-129,24,,10.0,0,-1,0,0,,,0,,0.0,0,-1,0,0,,,0,,0.0,-1,0,0,,14-113,4,,5.0,-1,0,0,,25-107,5,,10.0,95,3,5,,,0,,0.0,,,,,"AspCleavex5(pos25-107,sev10); ProtTrypx24(pos6-129,sev10); MetOxx4(pos14-113,sev5); HydroPatch(pos95,sev5); UnpairedCys(pos7,sev10)",0.0,0.0,0.0,0.0,1.33717,1.33717,,,,True,False,True,True,0.0,0.0,100000.25,100000.25,0.0,0.7759,0.0,0.0,0.0,0.0,0.0,0.7759,False,False,False,False,False,False,False,True,False,False,False,False,0.95046,0.95046,,,,True,False,True,True,0.78884,9.75695,2.14522,0.78884,0.82657,0.0,0.78884,0.78884,0.83603,False,False,True,True,True,True,True,True,False,True,True,True,584.89093,144.53799,0,7.0,1.0,10.0,,,1.07603,0.70719,0.64138,0.62051,1.53154,True,True,0.95046,-2.14522,-50.2356,-1088.97705,-2.14522,False,9,True,True,True,True,True,True,True,True,True,True,179.0,46.0,1627.0,3285.0,1431.5,2163.0,3285.0,17,0.999133397083433,SEALERCKKIIDDMIDMAKGKETTDPELQEKQRKAIVDLLESDPEYVAAVQAARDGKLSPENLLRMIEVLKKAVKEVLEKFGGLSLDVIEEIVSYILDSAIKLTPPDSETYKMARELKKYFEEKLKKAREEN
task-26765770-18_spec_247,32,SEKALEIGQKIALNPEAQELLLKALRHLLAGDLEGAKEEIKKAAEVAGITSEEDINLLLDELDELAKLGGRAALEALVKYATNPELRAAVRALL,SEKALEIGQKIALNPEAQELLLKALRHLLAGDLEGAKEEIKKAAEVAGITSEEDINLLLDELDELAKLGGRAALEALVKYATNPELRAAVRALL,94,,0.78679,1.62784,0.79955,1.17314,1.14804,1,569.71765,1256.80151,54.6212,54.6212,0.17021,0.82979,0.0,task-26765770-18_spec_247.cif,94,26,120.0,120.0,0.0,0.06383,0.18085,0.0,0.02128,0.02128,0.02128,0.03191,0.05319,0.03191,0.04255,0.21277,0.0,0.02128,0.14894,0.08511,0.01064,0.0,0.04255,0.01064,0.0,130,14,12,2,0,0,0,0,0,0,0,,-1,0,0,,,0,,0.0,-1,0,0,,,0,,0.0,-1,0,0,,3-91,12,,10.0,0,-1,0,0,,,0,,0.0,0,-1,0,0,,,0,,0.0,-1,0,0,,,0,,0.0,-1,0,0,,,0,,0.0,-1,0,0,,20-57,2,,5.0,,,,,"ProtTrypx12(pos3-91,sev10); HydroPatchx2(pos20-57,sev5)",0.0,0.0,0.0,0.0,1.14804,1.14804,,,,True,False,True,True,0.0,0.0,100000.25,100000.25,0.0,0.62972,0.0,0.0,0.0,0.0,0.0,0.62972,False,False,False,False,False,False,False,False,False,False,False,False,1.17314,1.17314,,,,True,False,True,True,0.78679,7.69159,1.62784,0.78679,0.78534,0.0,0.78679,0.78679,0.85264,False,True,True,True,True,True,False,True,False,True,True,True,591.6059,21.88826,0,,,,,,,,,,,,,1.17314,-1.62784,-54.6212,-1256.80151,-1.62784,False,9,True,True,True,True,True,True,True,True,True,True,201.0,630.0,126.0,3285.0,1431.5,100.5,3285.0,17,0.999073631365049,SEKALEIGQKIALNPEAQELLLKALRHLLAGDLEGAKEEIKKAAEVAGITSEEDINLLLDELDELAKLGGRAALEALVKYATNPELRAAVRALL
task-26766364-18_spec_271,33,GPMERISEAFRSLPEEEQQEINNEALRLIKQKKYDEAFEFIVNHLKEKGVYSPEVADLVKEFLDMLKEGKYEEALARMQETFGDDPIGQKFLRELEELFG,GPMERISEAFRSLPEEEQQEINNEALRLIKQKKYDEAFEFIVNHLKEKGVYSPEVADLVKEFLDMLKEGKYEEALARMQETFGDDPIGQKFLRELEELFG,100,0.54834,0.78675,2.02856,0.7839,1.53089,1.27169,1,504.6152,983.56384,55.2172,55.2172,0.17,0.83,0.0,task-26766364-18_spec_271.cif,100,26,126.0,126.0,0.0,0.06,0.06,0.0,0.03,0.04,0.01,0.04,0.05,0.03,0.05,0.11,0.03,0.05,0.19,0.09,0.01,0.07,0.05,0.03,0.0,170,19,15,4,0,0,0,0,0,0,0,,-1,0,0,,,0,,0.0,-1,0,0,,,0,,0.0,-1,0,0,,5-93,14,,10.0,0,-1,0,0,,,0,,0.0,0,-1,0,0,,,0,,0.0,-1,0,0,,3-78,3,,5.0,85,2,10,,,0,,0.0,40,3,5,,,0,,0.0,,,,,"AspCleave(pos85,sev10); ProtTrypx14(pos5-93,sev10); MetOxx3(pos3-78,sev5); HydroPatch(pos40,sev5)",0.0,0.0,0.0,0.0,1.27169,1.27169,,,,True,False,True,True,0.0,0.0,100000.25,100000.25,0.0,0.75097,0.0,0.0,0.0,0.0,0.0,0.75097,False,False,False,False,False,False,False,True,False,False,False,False,1.53089,1.53089,,,,True,False,True,True,0.78675,7.8467,2.02856,0.78675,0.77791,0.0,0.78675,0.78675,0.87305,False,False,True,True,True,True,False,True,False,True,True,True,512.01422,7.39901,2,,,,,,0.50951,0.47514,0.40195,0.76411,0.2549,True,False,1.53089,-2.02856,-55.2172,-983.56384,-2.02856,False,9,True,True,True,True,True,True,True,True,True,True,202.0,1762.0,924.0,3285.0,37.0,1046.0,3285.0,17,0.9990437485058571,GPMERISEAFRSLPEEEQQEINNEALRLIKQKKYDEAFEFIVNHLKEKGVYSPEVADLVKEFLDMLKEGKYEEALARMQETFGDDPIGQKFLRELEELFG
task-26766364-3_spec_329,35,SAALERARAALAAVPKEEVKAIIREAGIRGSTITKEQAIAVTRALGKRAGLSDEEINLVIDEARKELPETLTVEEAAEMLRKAGAPAIAEALREVSG,SAALERARAALAAVPKEEVKAIIREAGIRGSTITKEQAIAVTRALGKRAGLSDEEINLVIDEARKELPETLTVEEAAEMLRKAGAPAIAEALREVSG,97,0.48993,0.78423,2.32054,0.79938,0.81715,0.99801,1,532.63116,1087.03003,44.0476,44.0476,0.21649,0.72165,0.06186,task-26766364-3_spec_329.cif,97,26,123.0,123.0,0.0,0.06186,0.21649,0.0,0.04124,0.03093,0.05155,0.06186,0.08247,0.01031,0.02062,0.09278,0.01031,0.01031,0.15464,0.06186,0.0,0.0,0.09278,0.0,0.0,160,17,15,2,0,0,0,0,0,0,0,,-1,0,0,,,0,,0.0,-1,0,0,,,0,,0.0,-1,0,0,,6-93,15,,10.0,0,-1,0,0,,,0,,0.0,0,-1,0,0,,,0,,0.0,79,1,5,,,0,,0.0,-1,0,0,,,0,,0.0,58,3,5,,,0,,0.0,,,,,"ProtTrypx15(pos6-93,sev10); MetOx(pos79,sev5); HydroPatch(pos58,sev5)",0.0,0.0,0.0,0.0,0.99801,0.99801,,,,True,False,True,True,0.0,0.0,100000.25,100000.25,0.0,0.71638,0.0,0.0,0.0,0.0,0.0,0.71638,False,False,False,False,False,False,False,False,False,False,False,False,0.81715,0.81715,,,,True,False,True,True,0.78423,7.94012,2.32054,0.78423,0.78965,0.0,0.78423,0.78423,0.85025,False,False,True,True,True,True,False,True,False,True,True,True,572.61743,39.98629,0,,,,,,1.29107,0.52559,0.56126,1.07197,1.51017,False,False,0.81715,-2.32054,-44.0476,-1087.03003,-2.32054,False,9,True,True,True,True,True,True,True,True,True,True,224.0,638.0,2911.0,3285.0,1431.5,703.0,3285.0,17,0.9989839827874731,SAALERARAALAAVPKEEVKAIIREAGIRGSTITKEQAIAVTRALGKRAGLSDEEINLVIDEARKELPETLTVEEAAEMLRKAGAPAIAEALREVSG
task-26766364-12_spec_005,36,GARETAIRVCQSTPKEEIEAILRRNGIRGQTVSREQMLAVGDEIMKKHGVSDETIEKINEEVRERVPEELTVEELAERLRELGCENLAEALLRVAT,GARETAIRVCQSTPKEEIEAILRRNGIRGQTVSREQMLAVGDEIMKKHGVSDETIEKINEEVRERVPEELTVEELAERLRELGCENLAEALLRVAT,96,0.52428,0.782,2.03667,0.79871,0.7439,0.75165,1,511.76218,701.96417,43.0524,43.0524,0.21875,0.71875,0.0625,task-26766364-12_spec_005.cif,96,26,122.0,122.0,0.0,0.0625,0.08333,0.02083,0.03125,0.02083,0.0625,0.08333,0.07292,0.03125,0.02083,0.09375,0.02083,0.03125,0.19792,0.04167,0.01042,0.0,0.11458,0.0,0.0,170,18,16,2,0,0,0,0,0,0,0,,-1,0,0,,,0,,0.0,-1,0,0,,,0,,0.0,-1,0,0,,3-93,15,,10.0,0,25,2,10,,,0,,0.0,0,-1,0,0,,,0,,0.0,-1,0,0,,37-45,2,,5.0,-1,0,0,,,0,,0.0,-1,0,0,,,0,,0.0,,,,,"AspBridge(pos25,sev10); ProtTrypx15(pos3-93,sev10); MetOxx2(pos37-45,sev5)",0.0,0.0,0.0,0.0,0.75165,0.75165,,,,True,False,True,True,0.0,0.0,100000.25,100000.25,0.0,0.79115,0.0,0.0,0.0,0.0,0.0,0.79115,False,False,False,False,False,False,False,True,False,False,False,False,0.7439,0.7439,,,,True,False,True,True,0.782,7.99213,2.03667,0.782,0.78533,0.0,0.782,0.782,0.86436,False,False,True,True,True,True,False,True,False,True,True,True,545.7594,33.99723,0,,,,,,0.9067,0.53345,0.54263,1.29914,0.51425,True,False,0.7439,-2.03667,-43.0524,-701.96417,-2.03667,False,9,True,True,True,True,True,True,True,True,True,True,250.0,665.0,975.0,3285.0,1431.5,985.5,3285.0,17,0.9989540999282811,GARETAIRVCQSTPKEEIEAILRRNGIRGQTVSREQMLAVGDEIMKKHGVSDETIEKINEEVRERVPEELTVEELAERLRELGCENLAEALLRVAT
task-26766364-4_spec_322,37,MLTEEQLQEVREIGMRFLELAKNEEQRVAAELGLQAIEELQANTFNPEVLMQRLKENAPSQLEKLMKHLKTNRLDKARIEAFCREALRDPEAFAELFQK,MLTEEQLQEVREIGMRFLELAKNEEQRVAAELGLQAIEELQANTFNPEVLMQRLKENAPSQLEKLMKHLKTNRLDKARIEAFCREALRDPEAFAELFQK,99,0.56563,0.78145,1.91507,0.80859,0.65701,0.95513,1,561.09711,1281.53076,52.6584,52.6584,0.20202,0.79798,0.0,task-26766364-4_spec_322.cif,99,26,125.0,125.0,0.0,0.0202,0.11111,0.0101,0.0101,0.0303,0.0303,0.0303,0.0303,0.05051,0.0202,0.15152,0.0404,0.08081,0.17172,0.07071,0.0101,0.05051,0.08081,0.0,0.0,190,21,17,4,0,0,0,0,0,0,0,1.0,-1,0,0,,,0,,0.0,-1,0,0,,,0,,0.0,-1,0,0,,11-88,14,,10.0,0,57,2,10,,,0,,0.0,0,-1,0,0,,,0,,0.0,-1,0,0,,1-66,4,,5.0,89,2,10,,,0,,0.0,-1,0,0,,,0,,0.0,,,,,"AspBridge(pos57,sev10); AspCleave(pos89,sev10); ProtTrypx14(pos11-88,sev10); MetOxx4(pos1-66,sev5); UnpairedCys(pos83,sev10)",0.0,0.0,0.0,0.0,0.95513,0.95513,,,,True,False,True,True,0.0,0.0,100000.25,100000.25,0.0,0.78457,0.0,0.0,0.0,0.0,0.0,0.78457,False,False,False,False,False,False,False,True,False,False,False,False,0.65701,0.65701,,,,True,False,True,True,0.78145,7.46904,1.91507,0.78145,0.7965,0.0,0.78145,0.78145,0.8479,False,True,True,True,True,True,True,True,False,True,True,True,570.65747,9.56039,0,83.0,1.0,10.0,,,0.86087,0.52927,0.49291,0.93197,0.78976,True,False,0.65701,-1.91507,-52.6584,-1281.53076,-1.91507,False,9,True,True,True,True,True,True,True,True,True,True,258.0,344.0,510.0,3285.0,1431.5,203.0,3285.0,17,0.9989242170690892,MLTEEQLQEVREIGMRFLELAKNEEQRVAAELGLQAIEELQANTFNPEVLMQRLKENAPSQLEKLMKHLKTNRLDKARIEAFCREALRDPEAFAELFQK
task-26766364-4_spec_357,40,SPAAEEAKKLMLKISPESARLITNCVLKHNPKSVDEALQIAEECAEKYKDKLSEEELEAGRQIGEICRELLDDPAALEEVLRALAEVRPELRPLCERMLSLL,SPAAEEAKKLMLKISPESARLITNCVLKHNPKSVDEALQIAEECAEKYKDKLSEEELEAGRQIGEICRELLDDPAALEEVLRALAEVRPELRPLCERMLSLL,102,0.66557,0.7703,1.64227,0.784,0.50934,0.59307,1,525.47717,1160.4093,50.7082,50.7082,0.21569,0.78431,0.0,task-26766364-4_spec_357.cif,102,26,128.0,128.0,0.0,0.01961,0.11765,0.03922,0.05882,0.05882,0.0098,0.03922,0.04902,0.01961,0.03922,0.16667,0.01961,0.01961,0.17647,0.07843,0.0098,0.0,0.06863,0.0098,0.0,170,18,16,2,0,0,0,0,0,0,0,,-1,0,0,,,0,,0.0,-1,0,0,,,0,,0.0,-1,0,0,,8-97,15,,10.0,0,-1,0,0,,,0,,0.0,0,-1,0,0,,,0,,0.0,-1,0,0,,11-98,2,,5.0,73,2,10,,,0,,0.0,-1,0,0,,,0,,0.0,,,,,"AspCleave(pos73,sev10); ProtTrypx15(pos8-97,sev10); MetOxx2(pos11-98,sev5)",0.0,0.0,0.0,0.0,0.59307,0.59307,,,,True,False,True,True,0.0,0.0,100000.25,100000.25,0.0,0.84017,0.0,0.0,0.0,0.0,0.0,0.84017,False,False,False,False,False,False,True,True,False,False,False,False,0.50934,0.50934,,,,True,False,True,True,0.7703,7.82308,1.64227,0.7703,0.77884,0.0,0.7703,0.7703,0.81038,False,True,True,True,True,True,False,True,False,True,True,True,533.37848,7.9013,2,,,,,,0.61849,0.51618,0.36679,0.80124,0.43575,True,False,0.50934,-1.64227,-50.7082,-1160.4093,-1.64227,False,9,True,True,True,True,True,True,True,True,True,True,423.0,1745.0,138.0,3285.0,37.0,821.0,3285.0,17,0.9988345684915133,SPAAEEAKKLMLKISPESARLITNCVLKHNPKSVDEALQIAEECAEKYKDKLSEEELEAGRQIGEICRELLDDPAALEEVLRALAEVRPELRPLCERMLSLL
task-26766364-4_spec_895,41,GPAAAGAALRAILNAAGNAKGTVTLADGTKGTATLTRVSDDTYVVTVTGERGTLTIILTVEGDVVHVKAEGDIYSGEAELECVSGTATRAVCKGTWTDADGVKKPVTKVVELQPDGTLVIKVYEDDKLVAESILTPVPA,GPAAAGAALRAILNAAGNAKGTVTLADGTKGTATLTRVSDDTYVVTVTGERGTLTIILTVEGDVVHVKAEGDIYSGEAELECVSGTATRAVCKGTWTDADGVKKPVTKVVELQPDGTLVIKVYEDDKLVAESILTPVPA,139,0.61665,0.77027,2.25092,0.7864,1.73722,1.37176,1,517.9801,1426.14551,46.1968,46.1968,0.26619,0.10791,0.6259,task-26766364-4_spec_895.cif,139,26,165.0,165.0,0.0,0.10791,0.1295,0.01439,0.02878,0.03597,0.13669,0.13669,0.04317,0.01439,0.07194,0.07914,0.0,0.00719,0.06475,0.06475,0.00719,0.0,0.02878,0.02158,0.00719,205,22,19,3,0,0,0,0,0,0,0,,-1,0,0,,,0,,0.0,96,1,10,,,0,,0.0,-1,0,0,,10-127,13,,10.0,0,-1,0,0,,14-18,2,,10.0,0,-1,0,0,,,0,,0.0,-1,0,0,,,0,,0.0,-1,0,0,,27-115,3,,10.0,-1,0,0,,43-118,3,,5.0,,,,,"AspBridgex2(pos14-18,sev10); AspCleavex3(pos27-115,sev10); ProtTrypx13(pos10-127,sev10); TrpOx(pos96,sev10); HydroPatchx3(pos43-118,sev5)",0.0,0.0,0.0,0.0,1.37176,1.37176,,,,True,False,True,True,0.0,0.0,100000.25,100000.25,0.0,0.7798,0.0,0.0,0.0,0.0,0.0,0.7798,False,False,False,False,False,False,False,True,False,False,False,False,1.73722,1.73722,,,,True,False,True,True,0.77027,9.86656,2.25092,0.77027,0.77844,0.0,0.77027,0.77027,0.78314,False,False,True,True,True,True,False,True,False,True,True,True,556.29718,38.31709,0,,,,,,0.93667,0.59085,0.56504,0.71296,1.16039,True,False,1.73722,-2.25092,-46.1968,-1426.14551,-2.25092,False,9,True,True,True,True,True,True,True,True,True,True,424.0,1506.0,2373.0,3285.0,1431.5,924.0,3285.0,17,0.9988046856323213,GPAAAGAALRAILNAAGNAKGTVTLADGTKGTATLTRVSDDTYVVTVTGERGTLTIILTVEGDVVHVKAEGDIYSGEAELECVSGTATRAVCKGTWTDADGVKKPVTKVVELQPDGTLVIKVYEDDKLVAESILTPVPA
