id,final_rank,designed_sequence,designed_chain_sequence,num_design,affinity_probability_binary1,design_to_target_iptm,min_design_to_target_pae,design_ptm,filter_rmsd,designfolding-filter_rmsd,plip_hbonds_refolded,delta_sasa_refolded,design_largest_hydrophobic_patch_refolded,design_chain_hydrophobicity,design_hydrophobicity,loop,helix,sheet,file_name,num_prot_tokens,num_lig_atoms,num_resolved_tokens,num_tokens,UNK_fraction,GLY_fraction,ALA_fraction,CYS_fraction,SER_fraction,PRO_fraction,THR_fraction,VAL_fraction,ILE_fraction,ASN_fraction,ASP_fraction,LEU_fraction,MET_fraction,GLN_fraction,GLU_fraction,LYS_fraction,HIS_fraction,PHE_fraction,ARG_fraction,TYR_fraction,TRP_fraction,liability_score,liability_num_violations,liability_high_severity_violations,liability_medium_severity_violations,liability_low_severity_violations,liability_AspBridge_count,liability_AspCleave_count,liability_ProtTryp_count,liability_MetOx_count,liability_HydroPatch_count,liability_ProtTryp_position,liability_ProtTryp_length,liability_ProtTryp_severity,liability_ProtTryp_details,liability_ProtTryp_positions,liability_ProtTryp_num_positions,liability_ProtTryp_global_details,liability_ProtTryp_avg_severity,liability_TrpOx_count,liability_TrpOx_position,liability_TrpOx_length,liability_TrpOx_severity,liability_TrpOx_details,liability_TrpOx_positions,liability_TrpOx_num_positions,liability_TrpOx_global_details,liability_TrpOx_avg_severity,liability_HydroPatch_position,liability_HydroPatch_length,liability_HydroPatch_severity,liability_HydroPatch_details,liability_HydroPatch_positions,liability_HydroPatch_num_positions,liability_HydroPatch_global_details,liability_HydroPatch_avg_severity,liability_DPP4_count,liability_DPP4_position,liability_DPP4_length,liability_DPP4_severity,liability_DPP4_details,liability_DPP4_positions,liability_DPP4_num_positions,liability_DPP4_global_details,liability_DPP4_avg_severity,liability_MetOx_position,liability_MetOx_length,liability_MetOx_severity,liability_MetOx_details,liability_MetOx_positions,liability_MetOx_num_positions,liability_MetOx_global_details,liability_MetOx_avg_severity,liability_NTCycl_count,liability_NTCycl_position,liability_NTCycl_length,liability_NTCycl_severity,liability_NTCycl_details,liability_NTCycl_positions,liability_NTCycl_num_positions,liability_NTCycl_global_details,liability_NTCycl_avg_severity,liability_AspCleave_position,liability_AspCleave_length,liability_AspCleave_severity,liability_AspCleave_details,liability_AspCleave_positions,liability_AspCleave_num_positions,liability_AspCleave_global_details,liability_AspCleave_avg_severity,liability_AspBridge_position,liability_AspBridge_length,liability_AspBridge_severity,liability_AspBridge_details,liability_AspBridge_positions,liability_AspBridge_num_positions,liability_AspBridge_global_details,liability_AspBridge_avg_severity,liability_violations_summary,native_rmsd,native_rmsd_bb,native_rmsd_refolded,native_rmsd_bb_refolded,designfolding-bb_rmsd,designfolding-bb_rmsd_design,designfolding-bb_rmsd_target,designfolding-bb_rmsd_design_target,designfolding-bb_target_aligned_rmsd_design,designfolding-bb_rmsd<2.5,designfolding-bb_target_aligned<2.5,designfolding-bb_designability_rmsd_2,designfolding-bb_designability_rmsd_4,designfolding-ligand_iptm,designfolding-interaction_pae,designfolding-min_interaction_pae,designfolding-min_design_to_target_pae,designfolding-iptm,designfolding-ptm,designfolding-protein_iptm,designfolding-design_iptm,designfolding-design_iiptm,designfolding-design_to_target_iptm,designfolding-target_ptm,designfolding-design_ptm,designfolding-min_interaction_pae<1.5,designfolding-min_interaction_pae<2,designfolding-min_interaction_pae<2.5,designfolding-min_interaction_pae<3,designfolding-min_interaction_pae<4,designfolding-min_interaction_pae<5,designfolding-design_ptm>80,designfolding-design_ptm>75,designfolding-design_iptm>80,designfolding-design_iptm>70,designfolding-design_iptm>60,designfolding-design_iptm>50,bb_rmsd,bb_rmsd_design,bb_rmsd_target,bb_rmsd_design_target,bb_target_aligned_rmsd_design,bb_rmsd<2.5,bb_target_aligned<2.5,bb_designability_rmsd_2,bb_designability_rmsd_4,ligand_iptm,interaction_pae,min_interaction_pae,iptm,ptm,protein_iptm,design_iptm,design_iiptm,target_ptm,min_interaction_pae<1.5,min_interaction_pae<2,min_interaction_pae<2.5,min_interaction_pae<3,min_interaction_pae<4,min_interaction_pae<5,design_ptm>80,design_ptm>75,design_iptm>80,design_iptm>70,design_iptm>60,design_iptm>50,design_sasa_unbound_refolded,design_sasa_bound_refolded,plip_saltbridge_refolded,affinity_pred_value,affinity_probability_binary,affinity_probability_binary2,affinity_pred_value2,affinity_pred_value1,affinity_probability_binary1>50,affinity_probability_binary1>75,liability_UnpairedCys_count,liability_UnpairedCys_positions,liability_UnpairedCys_num_positions,liability_UnpairedCys_global_details,liability_UnpairedCys_avg_severity,liability_UnpairedCys_position,liability_UnpairedCys_length,liability_UnpairedCys_severity,liability_UnpairedCys_details,liability_details,filter_rmsd_design,neg_min_design_to_target_pae,neg_design_hydrophobicity,neg_design_largest_hydrophobic_patch_refolded,neg_min_interaction_pae,has_x,num_filters_passed,pass_has_x_filter,pass_filters,pass_filter_rmsd_filter,pass_filter_rmsd_design_filter,pass_designfolding-filter_rmsd_filter,pass_ALA_fraction_filter,pass_GLY_fraction_filter,pass_GLU_fraction_filter,pass_LEU_fraction_filter,pass_VAL_fraction_filter,rank_design_to_target_iptm,rank_design_ptm,rank_neg_min_design_to_target_pae,rank_plip_hbonds_refolded,rank_plip_saltbridge_refolded,rank_delta_sasa_refolded,max_rank,secondary_rank,quality_score,sequence
task-26767312-3_spec_071,1,VPEGYELVAEFTATILDAELVSDKVIKIVAEVDNPEEFEKMFAGPGTVLVAEVGGKTDVLEVLESDKEKRTYVEKVLSGEILPKGTLRVKVEIDGNTVTETIEALEGVDAAVAAENLKAAIGKTITVKIYVPKK,VPEGYELVAEFTATILDAELVSDKVIKIVAEVDNPEEFEKMFAGPGTVLVAEVGGKTDVLEVLESDKEKRTYVEKVLSGEILPKGTLRVKVEIDGNTVTETIEALEGVDAAVAAENLKAAIGKTITVKIYVPKK,134,0.16653,0.84079,1.8387,0.83269,0.78508,0.7813,4,415.44162,1352.36816,53.7722,53.7722,0.31343,0.13433,0.55224,task-26767312-3_spec_071.cif,134,21,155.0,155.0,0.0,0.07463,0.09701,0.0,0.02239,0.03731,0.08209,0.14925,0.06716,0.02239,0.05224,0.08209,0.00746,0.0,0.14179,0.10448,0.0,0.02239,0.01493,0.02239,0.0,175,19,16,3,0,0,0,0,0,0,-1,0,0,,24-133,15,,10.0,0,-1,0,0,,,0,,0.0,-1,0,0,,48-129,2,,5.0,0,-1,0,0,,,0,,0.0,41,1,5,,,0,,0.0,0,-1,0,0,,,0,,0.0,94,2,10,,,0,,0.0,-1,0,0,,,0,,0.0,"AspCleave(pos94,sev10); ProtTrypx15(pos24-133,sev10); MetOx(pos41,sev5); HydroPatchx2(pos48-129,sev5)",0.0,0.0,0.0,0.0,0.7813,0.7813,,,,True,False,True,True,0.0,0.0,100000.25,100000.25,0.0,0.80766,0.0,0.0,0.0,0.0,0.0,0.80766,False,False,False,False,False,False,True,True,False,False,False,False,0.78508,0.78508,,,,True,False,True,True,0.84079,7.36269,1.8387,0.84079,0.82744,0.0,0.84079,0.84079,0.88931,False,True,True,True,True,True,True,True,True,True,True,True,415.79065,0.34902,0,0.60785,0.53198,0.89742,0.73108,0.48463,False,False,,,,,,,,,,,0.78508,-1.8387,-53.7722,-1352.36816,-1.8387,False,9,True,True,True,True,True,True,True,True,True,True,10.0,50.0,67.0,87.5,0.5,103.5,103.5,1,1.0,VPEGYELVAEFTATILDAELVSDKVIKIVAEVDNPEEFEKMFAGPGTVLVAEVGGKTDVLEVLESDKEKRTYVEKVLSGEILPKGTLRVKVEIDGNTVTETIEALEGVDAAVAAENLKAAIGKTITVKIYVPKK
task-26767312-1_spec_141,2,TYTLKIEGTVYVRGKFVAPVSGTVKNVKVGVPQPLEVELASDLPEEIFKKPIVAKYEVEKDGKVEKLEVTFKEGEKFTLEFPVSGLKVEATRTYKDKKIIIKAKVTLLPSTEPGTYKVTVKYYVDGEELLTAENEETIS,TYTLKIEGTVYVRGKFVAPVSGTVKNVKVGVPQPLEVELASDLPEEIFKKPIVAKYEVEKDGKVEKLEVTFKEGEKFTLEFPVSGLKVEATRTYKDKKIIIKAKVTLLPSTEPGTYKVTVKYYVDGEELLTAENEETIS,139,0.13882,0.79122,2.26876,0.78341,0.54143,1.28222,3,414.37064,1163.92822,52.5236,52.5236,0.29496,0.03597,0.66906,task-26767312-1_spec_141.cif,139,21,160.0,160.0,0.0,0.06475,0.04317,0.0,0.03597,0.05755,0.10072,0.13669,0.05036,0.01439,0.02878,0.07914,0.0,0.00719,0.13669,0.14388,0.0,0.03597,0.01439,0.05036,0.0,255,27,24,3,0,0,0,0,0,0,-1,0,0,,5-121,22,,10.0,0,-1,0,0,,,0,,0.0,-1,0,0,,10-122,3,,5.0,0,-1,0,0,,,0,,0.0,-1,0,0,,,0,,0.0,0,-1,0,0,,,0,,0.0,-1,0,0,,61-125,2,,10.0,-1,0,0,,,0,,0.0,"AspCleavex2(pos61-125,sev10); ProtTrypx22(pos5-121,sev10); HydroPatchx3(pos10-122,sev5)",0.0,0.0,0.0,0.0,1.28222,1.28222,,,,True,False,True,True,0.0,0.0,100000.25,100000.25,0.0,0.696,0.0,0.0,0.0,0.0,0.0,0.696,False,False,False,False,False,False,False,False,False,False,False,False,0.54143,0.54143,,,,True,False,True,True,0.79122,8.6193,2.26876,0.79122,0.78033,0.0,0.79122,0.79122,0.88014,False,False,True,True,True,True,False,True,False,True,True,True,415.25119,0.88056,0,0.73684,0.32383,0.50884,0.90222,0.57145,False,False,,,,,,,,,,,0.54143,-2.26876,-52.5236,-1163.92822,-2.26876,False,9,True,True,True,True,True,True,True,True,True,True,76.0,506.0,345.0,362.0,0.5,124.5,506.0,2,0.9999444783743268,TYTLKIEGTVYVRGKFVAPVSGTVKNVKVGVPQPLEVELASDLPEEIFKKPIVAKYEVEKDGKVEKLEVTFKEGEKFTLEFPVSGLKVEATRTYKDKKIIIKAKVTLLPSTEPGTYKVTVKYYVDGEELLTAENEETIS
task-26767312-10_spec_040,3,GIEAEVEVTVLSGEGEKGTYKEKIIEVTDDGFVFENLNAKGEKVTGEATFASKEDADAFHEALKNVGKSVVVDVEFTNSDGFKGKQKLKVTVLKVK,GIEAEVEVTVLSGEGEKGTYKEKIIEVTDDGFVFENLNAKGEKVTGEATFASKEDADAFHEALKNVGKSVVVDVEFTNSDGFKGKQKLKVTVLKVK,96,0.37884,0.80342,1.776,0.78672,0.74264,0.74644,5,397.70279,657.96698,43.2517,43.2517,0.30208,0.125,0.57292,task-26767312-10_spec_040.cif,96,21,117.0,117.0,0.0,0.10417,0.07292,0.0,0.04167,0.0,0.07292,0.14583,0.03125,0.04167,0.0625,0.05208,0.0,0.01042,0.13542,0.14583,0.01042,0.0625,0.0,0.01042,0.0,180,19,17,2,0,0,0,0,0,0,-1,0,0,,17-94,13,,10.0,0,-1,0,0,,,0,,0.0,-1,0,0,,32-70,2,,5.0,0,-1,0,0,,,0,,0.0,-1,0,0,,,0,,0.0,0,-1,0,0,,,0,,0.0,-1,0,0,,30-80,2,,10.0,-1,0,0,,38-78,2,,10.0,"AspBridgex2(pos38-78,sev10); AspCleavex2(pos30-80,sev10); ProtTrypx13(pos17-94,sev10); HydroPatchx2(pos32-70,sev5)",0.0,0.0,0.0,0.0,0.74644,0.74644,,,,True,False,True,True,0.0,0.0,100000.25,100000.25,0.0,0.77002,0.0,0.0,0.0,0.0,0.0,0.77002,False,False,False,False,False,False,False,True,False,False,False,False,0.74264,0.74264,,,,True,False,True,True,0.80342,7.6172,1.776,0.80342,0.78972,0.0,0.80342,0.80342,0.91552,False,True,True,True,True,True,False,True,True,True,True,True,419.48804,21.78524,0,-0.05462,0.68143,0.98403,-0.52073,0.41149,False,False,,,,,,,,,,,0.74264,-1.776,-43.2517,-657.96698,-1.776,False,9,True,True,True,True,True,True,True,True,True,True,47.0,445.0,54.0,14.5,0.5,648.5,648.5,3,0.9998889567486536,GIEAEVEVTVLSGEGEKGTYKEKIIEVTDDGFVFENLNAKGEKVTGEATFASKEDADAFHEALKNVGKSVVVDVEFTNSDGFKGKQKLKVTVLKVK
task-26767312-16_spec_612,4,SWSGTFTVTHEDGETGTGTVTLDGDTLTFKGTNSSGNEASGTATKGKTSTWSNGCTVHVEELTDTKVEYTTSGPGCASGKGVATFHPD,SWSGTFTVTHEDGETGTGTVTLDGDTLTFKGTNSSGNEASGTATKGKTSTWSNGCTVHVEELTDTKVEYTTSGPGCASGKGVATFHPD,88,0.2331,0.85512,1.1895,0.77506,0.63054,0.66419,5,416.19476,248.30206,34.2109,34.2109,0.34091,0.0,0.65909,task-26767312-16_spec_612.cif,88,21,109.0,109.0,0.0,0.15909,0.04545,0.02273,0.10227,0.02273,0.22727,0.06818,0.0,0.03409,0.05682,0.03409,0.0,0.0,0.06818,0.05682,0.03409,0.03409,0.0,0.01136,0.02273,110,11,11,0,0,0,0,0,0,0,-1,0,0,,30-80,5,,10.0,0,-1,0,0,,2-51,2,,10.0,-1,0,0,,,0,,0.0,0,-1,0,0,,,0,,0.0,-1,0,0,,,0,,0.0,0,-1,0,0,,,0,,0.0,-1,0,0,,12-23,2,,10.0,-1,0,0,,33-53,2,,10.0,"AspBridgex2(pos33-53,sev10); AspCleavex2(pos12-23,sev10); ProtTrypx5(pos30-80,sev10); TrpOxx2(pos2-51,sev10)",0.0,0.0,0.0,0.0,0.66419,0.66419,,,,True,False,True,True,0.0,0.0,100000.25,100000.25,0.0,0.76465,0.0,0.0,0.0,0.0,0.0,0.76465,False,False,False,False,False,False,False,True,False,False,False,False,0.63054,0.63054,,,,True,False,True,True,0.85512,6.68504,1.1895,0.85512,0.77726,0.0,0.85512,0.85512,0.92426,True,True,True,True,True,True,False,True,True,True,True,True,416.82373,0.62897,0,0.2605,0.58577,0.93844,-0.40377,0.92478,False,False,,,,,,,,,,,0.63054,-1.1895,-34.2109,-248.30206,-1.1895,False,9,True,True,True,True,True,True,True,True,True,True,2.0,695.0,3.0,14.5,0.5,88.5,695.0,4,0.9998334351229804,SWSGTFTVTHEDGETGTGTVTLDGDTLTFKGTNSSGNEASGTATKGKTSTWSNGCTVHVEELTDTKVEYTTSGPGCASGKGVATFHPD
task-26767312-10_spec_952,5,SAAARLEGTWEGTLTYSDGSTGPATVTVTQVGADTVRVTITDIEGTGECTATVTGDTASGPCTSDSGETGTFTLTLLSDDRAELTVIGETNTGTGTLTKVAS,SAAARLEGTWEGTLTYSDGSTGPATVTVTQVGADTVRVTITDIEGTGECTATVTGDTASGPCTSDSGETGTFTLTLLSDDRAELTVIGETNTGTGTLTKVAS,102,0.10372,0.81804,1.67799,0.78143,0.76657,1.10018,3,394.08716,261.3678,39.249,39.249,0.26471,0.04902,0.68627,task-26767312-10_spec_952.cif,102,21,123.0,123.0,0.0,0.13725,0.08824,0.01961,0.07843,0.01961,0.2549,0.07843,0.02941,0.0098,0.06863,0.06863,0.0,0.0098,0.06863,0.0098,0.0,0.0098,0.02941,0.0098,0.0098,70,7,7,0,0,0,0,0,0,0,-1,0,0,,5-99,4,,10.0,0,10,1,10,,,0,,0.0,-1,0,0,,,0,,0.0,0,-1,0,0,,,0,,0.0,-1,0,0,,,0,,0.0,0,-1,0,0,,,0,,0.0,-1,0,0,,18-65,2,,10.0,-1,0,0,,,0,,0.0,"AspCleavex2(pos18-65,sev10); ProtTrypx4(pos5-99,sev10); TrpOx(pos10,sev10)",0.0,0.0,0.0,0.0,1.10018,1.10018,,,,True,False,True,True,0.0,0.0,100000.25,100000.25,0.0,0.76703,0.0,0.0,0.0,0.0,0.0,0.76703,False,False,False,False,False,False,False,True,False,False,False,False,0.76657,0.76657,,,,True,False,True,True,0.81804,8.45103,1.67799,0.81804,0.77899,0.0,0.81804,0.79884,0.86578,False,True,True,True,True,True,False,True,True,True,True,True,409.84213,15.75497,0,1.14107,0.45037,0.79701,0.73604,1.5461,False,False,,,,,,,,,,,0.76657,-1.67799,-39.249,-261.3678,-1.67799,False,9,True,True,True,True,True,True,True,True,True,True,26.0,541.0,37.0,362.0,0.5,725.5,725.5,5,0.9997779134973072,SAAARLEGTWEGTLTYSDGSTGPATVTVTQVGADTVRVTITDIEGTGECTATVTGDTASGPCTSDSGETGTFTLTLLSDDRAELTVIGETNTGTGTLTKVAS
task-26767312-18_spec_121,6,GLVLVATGTATVTVDAATNTFTTEGTNNPPLPDGTYYVEDYKDGKLIASGEVTVKVGVETEATLTFTNGGTAKETVLLESPTRATGTGTVEGIPAESLEGTWTFKFYREE,GLVLVATGTATVTVDAATNTFTTEGTNNPPLPDGTYYVEDYKDGKLIASGEVTVKVGVETEATLTFTNGGTAKETVLLESPTRATGTGTVEGIPAESLEGTWTFKFYREE,110,0.17506,0.82505,1.57411,0.76652,0.70875,0.95552,2,418.60263,1072.81995,47.0543,47.0543,0.3,0.03636,0.66364,task-26767312-18_spec_121.cif,110,21,131.0,131.0,0.0,0.11818,0.08182,0.0,0.02727,0.04545,0.20909,0.1,0.01818,0.03636,0.03636,0.07273,0.0,0.0,0.10909,0.04545,0.0,0.03636,0.01818,0.03636,0.00909,125,14,11,3,0,0,0,0,0,0,-1,0,0,,42-108,7,,10.0,0,102,1,10,,,0,,0.0,-1,0,0,,2-76,3,,5.0,0,-1,0,0,,,0,,0.0,-1,0,0,,,0,,0.0,0,-1,0,0,,,0,,0.0,-1,0,0,,33-43,2,,10.0,68,2,10,,,0,,0.0,"AspBridge(pos68,sev10); AspCleavex2(pos33-43,sev10); ProtTrypx7(pos42-108,sev10); TrpOx(pos102,sev10); HydroPatchx3(pos2-76,sev5)",0.0,0.0,0.0,0.0,0.95552,0.95552,,,,True,False,True,True,0.0,0.0,100000.25,100000.25,0.0,0.78319,0.0,0.0,0.0,0.0,0.0,0.78319,False,False,False,False,False,False,False,True,False,False,False,False,0.70875,0.70875,,,,True,False,True,True,0.82505,7.58771,1.57411,0.82505,0.77466,0.0,0.82505,0.82505,0.90045,False,True,True,True,True,True,False,True,True,True,True,True,418.72842,0.12579,0,0.7581,0.29854,0.42202,0.79788,0.71832,False,False,,,,,,,,,,,0.70875,-1.57411,-47.0543,-1072.81995,-1.57411,False,9,True,True,True,True,True,True,True,True,True,True,18.0,947.0,25.0,995.0,0.5,51.5,995.0,6,0.999722391871634,GLVLVATGTATVTVDAATNTFTTEGTNNPPLPDGTYYVEDYKDGKLIASGEVTVKVGVETEATLTFTNGGTAKETVLLESPTRATGTGTVEGIPAESLEGTWTFKFYREE
task-26767312-5_spec_482,7,MIIPTKEAIECLVNAIKLAKEGKYDEAVEHIRKAAELAGVPEEVIEPLIKLFKEGKVDEAIDLILKETASPELKEAVEKIR,MIIPTKEAIECLVNAIKLAKEGKYDEAVEHIRKAAELAGVPEEVIEPLIKLFKEGKVDEAIDLILKETASPELKEAVEKIR,81,0.09651,0.81138,1.9822,0.80421,0.53649,0.71979,2,400.00317,1003.59821,51.396,51.396,0.22222,0.77778,0.0,task-26767312-5_spec_482.cif,81,21,102.0,102.0,0.0,0.03704,0.12346,0.01235,0.01235,0.04938,0.02469,0.07407,0.12346,0.01235,0.03704,0.09877,0.01235,0.0,0.18519,0.1358,0.01235,0.01235,0.02469,0.01235,0.0,150,16,14,2,0,0,0,0,0,0,-1,0,0,,6-79,12,,10.0,0,-1,0,0,,,0,,0.0,63,3,5,,,0,,0.0,0,-1,0,0,,,0,,0.0,1,1,5,,,0,,0.0,0,-1,0,0,,,0,,0.0,-1,0,0,,,0,,0.0,14,2,10,,,0,,0.0,"AspBridge(pos14,sev10); ProtTrypx12(pos6-79,sev10); MetOx(pos1,sev5); HydroPatch(pos63,sev5); UnpairedCys(pos11,sev10)",0.0,0.0,0.0,0.0,0.71979,0.71979,,,,True,False,True,True,0.0,0.0,100000.25,100000.25,0.0,0.80426,0.0,0.0,0.0,0.0,0.0,0.80426,False,False,False,False,False,False,True,True,False,False,False,False,0.53649,0.53649,,,,True,False,True,True,0.81138,7.17306,1.9822,0.81138,0.78983,0.0,0.81138,0.81138,0.90854,False,True,True,True,True,True,True,True,True,True,True,True,415.35013,15.34694,0,1.30101,0.45759,0.81867,1.11778,1.48423,False,False,1.0,,,,,11.0,1.0,10.0,,,0.53649,-1.9822,-51.396,-1003.59821,-1.9822,False,9,True,True,True,True,True,True,True,True,True,True,35.0,199.0,113.0,995.0,0.5,592.5,995.0,6,0.9996668702459608,MIIPTKEAIECLVNAIKLAKEGKYDEAVEHIRKAAELAGVPEEVIEPLIKLFKEGKVDEAIDLILKETASPELKEAVEKIR
task-26767312-4_spec_364,8,SYTFTLVSHELGSNLQLEHVIVATNGKVVSEKVFGDAPVPEVTLPPGVTAAVVLVFRSGSSTTIVTILKNGDTWTFKVTLDNGSVVEAELKPGESVTLKLPKDSDGRVATVTVKVDGNTITITATLGDDFGTVTFSYS,SYTFTLVSHELGSNLQLEHVIVATNGKVVSEKVFGDAPVPEVTLPPGVTAAVVLVFRSGSSTTIVTILKNGDTWTFKVTLDNGSVVEAELKPGESVTLKLPKDSDGRVATVTVKVDGNTITITATLGDDFGTVTFSYS,138,0.4812,0.79539,2.13897,0.76855,0.86496,1.07259,2,418.34286,1525.72974,54.7458,54.7458,0.4058,0.0,0.5942,task-26767312-4_spec_364.cif,138,21,159.0,159.0,0.0,0.08696,0.05072,0.0,0.08696,0.04348,0.14493,0.15942,0.03623,0.03623,0.05797,0.08696,0.0,0.00725,0.05072,0.05797,0.01449,0.04348,0.01449,0.01449,0.00725,180,19,17,2,0,0,0,0,0,0,-1,0,0,,27-114,10,,10.0,0,74,1,10,,,0,,0.0,-1,0,0,,20-52,2,,5.0,0,-1,0,0,,,0,,0.0,-1,0,0,,,0,,0.0,0,-1,0,0,,,0,,0.0,-1,0,0,,103-116,3,,10.0,-1,0,0,,25-82,3,,10.0,"AspBridgex3(pos25-82,sev10); AspCleavex3(pos103-116,sev10); ProtTrypx10(pos27-114,sev10); TrpOx(pos74,sev10); HydroPatchx2(pos20-52,sev5)",0.0,0.0,0.0,0.0,1.07259,1.07259,,,,True,False,True,True,0.0,0.0,100000.25,100000.25,0.0,0.70178,0.0,0.0,0.0,0.0,0.0,0.70178,False,False,False,False,False,False,False,False,False,False,False,False,0.86496,0.86496,,,,True,False,True,True,0.79539,9.91808,2.13897,0.79539,0.7695,0.0,0.79539,0.79539,0.86364,False,False,True,True,True,True,False,True,False,True,True,True,425.44037,7.09751,0,0.51504,0.43899,0.39677,0.12403,0.90605,False,False,,,,,,,,,,,0.86496,-2.13897,-54.7458,-1525.72974,-2.13897,False,9,True,True,True,True,True,True,True,True,True,True,63.0,879.0,206.0,995.0,0.5,55.5,995.0,6,0.9996113486202876,SYTFTLVSHELGSNLQLEHVIVATNGKVVSEKVFGDAPVPEVTLPPGVTAAVVLVFRSGSSTTIVTILKNGDTWTFKVTLDNGSVVEAELKPGESVTLKLPKDSDGRVATVTVKVDGNTITITATLGDDFGTVTFSYS
task-26767312-4_spec_224,9,GPEVLEGKWELVELEGGIAKKGIIEVKVEVDGKKFTITYTNEDGSTATFEGEQVSDDVWKGTLHHADGGESETTIKKLSDNTFEIEGKAKKGYDFKNILKKI,GPEVLEGKWELVELEGGIAKKGIIEVKVEVDGKKFTITYTNEDGSTATFEGEQVSDDVWKGTLHHADGGESETTIKKLSDNTFEIEGKAKKGYDFKNILKKI,102,0.11545,0.78974,1.83766,0.78058,1.11087,2.12822,2,401.41782,549.73706,45.3141,45.3141,0.32353,0.03922,0.63725,task-26767312-4_spec_224.cif,102,21,123.0,123.0,0.0,0.12745,0.03922,0.0,0.03922,0.0098,0.08824,0.06863,0.07843,0.02941,0.06863,0.05882,0.0,0.0098,0.13725,0.14706,0.01961,0.03922,0.0,0.01961,0.01961,200,20,20,0,0,0,0,0,0,0,-1,0,0,,8-101,15,,10.0,0,-1,0,0,,9-59,2,,10.0,-1,0,0,,,0,,0.0,0,-1,0,0,,,0,,0.0,-1,0,0,,,0,,0.0,0,-1,0,0,,,0,,0.0,-1,0,0,,31-67,3,,10.0,-1,0,0,,,0,,0.0,"AspCleavex3(pos31-67,sev10); ProtTrypx15(pos8-101,sev10); TrpOxx2(pos9-59,sev10)",0.0,0.0,0.0,0.0,2.12822,2.12822,,,,True,False,False,True,0.0,0.0,100000.25,100000.25,0.0,0.72154,0.0,0.0,0.0,0.0,0.0,0.72154,False,False,False,False,False,False,False,False,False,False,False,False,1.11087,1.11087,,,,True,False,True,True,0.78974,7.95118,1.83766,0.78974,0.77707,0.0,0.78974,0.78974,0.86193,False,True,True,True,True,True,False,True,False,True,True,True,407.12411,5.70631,0,1.27623,0.34838,0.58131,1.20142,1.35104,False,False,,,,,,,,,,,1.11087,-1.83766,-45.3141,-549.73706,-1.83766,False,9,True,True,True,True,True,True,True,True,True,True,79.0,563.0,66.0,995.0,0.5,549.0,995.0,6,0.9995558269946144,GPEVLEGKWELVELEGGIAKKGIIEVKVEVDGKKFTITYTNEDGSTATFEGEQVSDDVWKGTLHHADGGESETTIKKLSDNTFEIEGKAKKGYDFKNILKKI
task-26767312-4_spec_886,10,GVEVYSGTATGSDGSTYGATLTEYSDGTVTVTWSDGGVGTGTRTSADTATGTCNGKPFTLTKESDTKWTITLPETGETYTLTLTKV,GVEVYSGTATGSDGSTYGATLTEYSDGTVTVTWSDGGVGTGTRTSADTATGTCNGKPFTLTKESDTKWTITLPETGETYTLTLTKV,86,0.17543,0.73323,2.20119,0.76584,0.52029,0.77694,2,369.4621,214.18417,38.3795,38.3795,0.31395,0.0,0.68605,task-26767312-4_spec_886.cif,86,21,107.0,107.0,0.0,0.15116,0.04651,0.01163,0.0814,0.02326,0.27907,0.06977,0.01163,0.01163,0.05814,0.05814,0.0,0.0,0.05814,0.04651,0.0,0.01163,0.01163,0.04651,0.02326,120,12,12,0,0,0,0,0,0,0,-1,0,0,,43-85,5,,10.0,0,-1,0,0,,33-68,2,,10.0,-1,0,0,,,0,,0.0,0,-1,0,0,,,0,,0.0,-1,0,0,,,0,,0.0,0,-1,0,0,,,0,,0.0,-1,0,0,,13-35,3,,10.0,54,2,10,,,0,,0.0,"AspBridge(pos54,sev10); AspCleavex3(pos13-35,sev10); ProtTrypx5(pos43-85,sev10); TrpOxx2(pos33-68,sev10); UnpairedCys(pos53,sev10)",0.0,0.0,0.0,0.0,0.77694,0.77694,,,,True,False,True,True,0.0,0.0,100000.25,100000.25,0.0,0.81839,0.0,0.0,0.0,0.0,0.0,0.81839,False,False,False,False,False,False,True,True,False,False,False,False,0.52029,0.52029,,,,True,False,True,True,0.73323,8.23895,2.20119,0.73323,0.75944,0.0,0.73323,0.73323,0.87339,False,False,True,True,True,True,False,True,False,True,True,True,419.27231,49.81021,0,1.0675,0.53851,0.90159,0.13493,2.00008,False,False,1.0,,,,,53.0,1.0,10.0,,,0.52029,-2.20119,-38.3795,-214.18417,-2.20119,False,9,True,True,True,True,True,True,True,True,True,True,585.0,972.0,251.0,995.0,0.5,1023.5,1023.5,7,0.9995003053689412,GVEVYSGTATGSDGSTYGATLTEYSDGTVTVTWSDGGVGTGTRTSADTATGTCNGKPFTLTKESDTKWTITLPETGETYTLTLTKV
task-26767312-14_spec_784,11,GLLELTAPEGTLTNSTGATGKITVLSETTFTEEIEAADGAKGVLKATFDGDNFTGTVESDKGKGKLEGKAVEVTETRAIVEGTGKLVEGEAIVDAGTGKLIKGDFTYTTEAERLPDGSVLLKTVNHTTGAKGTGTITPA,GLLELTAPEGTLTNSTGATGKITVLSETTFTEEIEAADGAKGVLKATFDGDNFTGTVESDKGKGKLEGKAVEVTETRAIVEGTGKLVEGEAIVDAGTGKLIKGDFTYTTEAERLPDGSVLLKTVNHTTGAKGTGTITPA,139,0.42642,0.7956,2.24375,0.76319,0.77791,0.93733,2,418.5871,822.79828,43.145,43.145,0.31655,0.04317,0.64029,task-26767312-14_spec_784.cif,139,21,160.0,160.0,0.0,0.15108,0.09353,0.0,0.02878,0.02158,0.17986,0.07194,0.04317,0.02158,0.05036,0.08633,0.0,0.0,0.10791,0.08633,0.00719,0.02878,0.01439,0.00719,0.0,185,19,18,1,0,0,0,0,0,0,-1,0,0,,21-131,14,,10.0,0,-1,0,0,,,0,,0.0,119,3,5,,,0,,0.0,0,-1,0,0,,,0,,0.0,-1,0,0,,,0,,0.0,0,-1,0,0,,,0,,0.0,-1,0,0,,38-116,3,,10.0,14,2,10,,,0,,0.0,"AspBridge(pos14,sev10); AspCleavex3(pos38-116,sev10); ProtTrypx14(pos21-131,sev10); HydroPatch(pos119,sev5)",0.0,0.0,0.0,0.0,0.93733,0.93733,,,,True,False,True,True,0.0,0.0,100000.25,100000.25,0.0,0.75181,0.0,0.0,0.0,0.0,0.0,0.75181,False,False,False,False,False,False,False,True,False,False,False,False,0.77791,0.77791,,,,True,False,True,True,0.7956,8.11108,2.24375,0.7956,0.76644,0.0,0.7956,0.7956,0.88467,False,False,True,True,True,True,False,True,False,True,True,True,420.69724,2.11014,0,1.29595,0.3299,0.23337,1.28754,1.30437,False,False,,,,,,,,,,,0.77791,-2.24375,-43.145,-822.79828,-2.24375,False,9,True,True,True,True,True,True,True,True,True,True,61.0,1061.0,306.0,995.0,0.5,52.5,1061.0,8,0.999444783743268,GLLELTAPEGTLTNSTGATGKITVLSETTFTEEIEAADGAKGVLKATFDGDNFTGTVESDKGKGKLEGKAVEVTETRAIVEGTGKLVEGEAIVDAGTGKLIKGDFTYTTEAERLPDGSVLLKTVNHTTGAKGTGTITPA
task-26767312-1_spec_188,12,MDSFTISGLKEGEKVTVTLEYEVHGGIGPKGKYTDTIEILKLPGGVWHVKVTSSDGSTAEFEFKPGEEVKLGGLTFKALSDDTIEISFDSKYMTLLSWSQSAIQPA,MDSFTISGLKEGEKVTVTLEYEVHGGIGPKGKYTDTIEILKLPGGVWHVKVTSSDGSTAEFEFKPGEEVKLGGLTFKALSDDTIEISFDSKYMTLLSWSQSAIQPA,106,0.1644,0.74895,2.43102,0.76325,0.81352,0.98106,2,364.50031,829.87518,53.974,53.974,0.34906,0.0283,0.62264,task-26767312-1_spec_188.cif,106,21,127.0,127.0,0.0,0.11321,0.03774,0.0,0.10377,0.03774,0.09434,0.06604,0.06604,0.0,0.0566,0.08491,0.01887,0.01887,0.09434,0.09434,0.01887,0.04717,0.0,0.0283,0.01887,160,17,15,2,0,0,0,0,0,0,-1,0,0,,10-91,10,,10.0,0,-1,0,0,,47-98,2,,10.0,-1,0,0,,,0,,0.0,0,-1,0,0,,,0,,0.0,-1,0,0,,1-93,2,,5.0,0,-1,0,0,,,0,,0.0,-1,0,0,,2-89,3,,10.0,-1,0,0,,,0,,0.0,"AspCleavex3(pos2-89,sev10); ProtTrypx10(pos10-91,sev10); MetOxx2(pos1-93,sev5); TrpOxx2(pos47-98,sev10)",0.0,0.0,0.0,0.0,0.98106,0.98106,,,,True,False,True,True,0.0,0.0,100000.25,100000.25,0.0,0.787,0.0,0.0,0.0,0.0,0.0,0.787,False,False,False,False,False,False,False,True,False,False,False,False,0.81352,0.81352,,,,True,False,True,True,0.74895,10.38573,2.43102,0.74895,0.75486,0.0,0.74895,0.74895,0.8285,False,False,True,True,True,True,False,True,False,True,True,True,421.80093,57.30064,0,1.76483,0.1826,0.2008,1.67864,1.85102,False,False,,,,,,,,,,,0.81352,-2.43102,-53.974,-829.87518,-2.43102,False,9,True,True,True,True,True,True,True,True,True,True,316.0,1060.0,665.0,995.0,0.5,1079.0,1079.0,9,0.9993892621175948,MDSFTISGLKEGEKVTVTLEYEVHGGIGPKGKYTDTIEILKLPGGVWHVKVTSSDGSTAEFEFKPGEEVKLGGLTFKALSDDTIEISFDSKYMTLLSWSQSAIQPA
task-26767312-13_spec_088,13,MLLTGEELLEKHYDELISILRKFPAARHLTDEELKEGIRNALKYMFKKKKVETLTLEEALSFIEEIMSNPELLAEVRKIG,MLLTGEELLEKHYDELISILRKFPAARHLTDEELKEGIRNALKYMFKKKKVETLTLEEALSFIEEIMSNPELLAEVRKIG,80,0.17821,0.80433,1.58687,0.78209,1.05837,0.54726,3,361.0657,1017.00378,58.4387,58.4387,0.225,0.725,0.05,task-26767312-13_spec_088.cif,80,21,101.0,101.0,0.0,0.0375,0.0625,0.0,0.0375,0.025,0.05,0.025,0.075,0.025,0.025,0.175,0.0375,0.0,0.175,0.1125,0.025,0.0375,0.05,0.025,0.0,155,17,14,3,0,0,0,0,0,0,-1,0,0,,11-78,13,,10.0,0,-1,0,0,,,0,,0.0,-1,0,0,,,0,,0.0,0,-1,0,0,,,0,,0.0,-1,0,0,,1-67,3,,5.0,0,-1,0,0,,,0,,0.0,-1,0,0,,,0,,0.0,40,2,10,,,0,,0.0,"AspBridge(pos40,sev10); ProtTrypx13(pos11-78,sev10); MetOxx3(pos1-67,sev5)",0.0,0.0,0.0,0.0,0.54726,0.54726,,,,True,False,True,True,0.0,0.0,100000.25,100000.25,0.0,0.82828,0.0,0.0,0.0,0.0,0.0,0.82828,False,False,False,False,False,False,True,True,False,False,False,False,1.05837,1.05837,,,,True,False,True,True,0.80433,7.28181,1.58687,0.80433,0.78216,0.0,0.80433,0.80433,0.90215,False,True,True,True,True,True,False,True,True,True,True,True,417.54385,56.47814,0,0.40848,0.4595,0.74078,0.32446,0.49249,False,False,,,,,,,,,,,1.05837,-1.58687,-58.4387,-1017.00378,-1.58687,False,9,True,True,True,True,True,True,True,True,True,True,44.0,533.0,30.0,362.0,0.5,1108.0,1108.0,10,0.9993337404919216,MLLTGEELLEKHYDELISILRKFPAARHLTDEELKEGIRNALKYMFKKKKVETLTLEEALSFIEEIMSNPELLAEVRKIG
task-26767312-2_spec_096,14,SEEVRAVLAKLSPEQLRLLIEAVELYRAGDPRAQAVWDEFKAKVSPELAAEIEKLLLEYDTEEGLNEIIAIAEALLAALE,SEEVRAVLAKLSPEQLRLLIEAVELYRAGDPRAQAVWDEFKAKVSPELAAEIEKLLLEYDTEEGLNEIIAIAEALLAALE,80,0.05706,0.82108,1.51666,0.78357,0.80145,0.68858,2,360.82492,1253.40308,60.1272,60.1272,0.2125,0.7875,0.0,task-26767312-2_spec_096.cif,80,21,101.0,101.0,0.0,0.025,0.175,0.0,0.0375,0.0375,0.0125,0.0625,0.0625,0.0125,0.0375,0.175,0.0,0.025,0.1875,0.05,0.0,0.0125,0.05,0.025,0.0125,110,12,10,2,0,0,0,0,0,0,-1,0,0,,5-54,8,,10.0,0,37,1,10,,,0,,0.0,-1,0,0,,18-55,2,,5.0,0,-1,0,0,,,0,,0.0,-1,0,0,,,0,,0.0,0,-1,0,0,,,0,,0.0,30,2,10,,,0,,0.0,-1,0,0,,,0,,0.0,"AspCleave(pos30,sev10); ProtTrypx8(pos5-54,sev10); TrpOx(pos37,sev10); HydroPatchx2(pos18-55,sev5)",0.0,0.0,0.0,0.0,0.68858,0.68858,,,,True,False,True,True,0.0,0.0,100000.25,100000.25,0.0,0.81084,0.0,0.0,0.0,0.0,0.0,0.81084,False,False,False,False,False,False,True,True,False,False,False,False,0.80145,0.80145,,,,True,False,True,True,0.82108,7.97571,1.51666,0.82108,0.78019,0.0,0.82108,0.82108,0.8934,False,True,True,True,True,True,False,True,True,True,True,True,409.24133,48.41642,0,1.78868,0.37953,0.70199,1.20971,2.36765,False,False,,,,,,,,,,,0.80145,-1.51666,-60.1272,-1253.40308,-1.51666,False,9,True,True,True,True,True,True,True,True,True,True,22.0,503.0,20.0,995.0,0.5,1112.0,1112.0,11,0.9992782188662485,SEEVRAVLAKLSPEQLRLLIEAVELYRAGDPRAQAVWDEFKAKVSPELAAEIEKLLLEYDTEEGLNEIIAIAEALLAALE
task-26767312-7_spec_002,15,SFEGVWKVVEANGSLKVGQILTITKLSEDEYVITSTLGDKTETYHCKVLKKEGNKLILLDLDTGTTIEVIQLSDDTLEAKNLETGDKAILEKIEL,SFEGVWKVVEANGSLKVGQILTITKLSEDEYVITSTLGDKTETYHCKVLKKEGNKLILLDLDTGTTIEVIQLSDDTLEAKNLETGDKAILEKIEL,95,0.184,0.72475,2.50138,0.76143,0.59486,0.99324,2,361.03168,715.43481,53.7942,53.7942,0.37895,0.0,0.62105,task-26767312-7_spec_002.cif,95,21,116.0,116.0,0.0,0.07368,0.03158,0.01053,0.05263,0.0,0.11579,0.07368,0.08421,0.03158,0.07368,0.14737,0.0,0.02105,0.11579,0.11579,0.01053,0.01053,0.0,0.02105,0.01053,150,16,14,2,0,0,0,0,0,0,-1,0,0,,7-92,11,,10.0,0,6,1,10,,,0,,0.0,-1,0,0,,31-56,2,,5.0,0,-1,0,0,,,0,,0.0,-1,0,0,,,0,,0.0,0,-1,0,0,,,0,,0.0,-1,0,0,,,0,,0.0,12,2,10,,,0,,0.0,"AspBridge(pos12,sev10); ProtTrypx11(pos7-92,sev10); TrpOx(pos6,sev10); HydroPatchx2(pos31-56,sev5); UnpairedCys(pos46,sev10)",0.0,0.0,0.0,0.0,0.99324,0.99324,,,,True,False,True,True,0.0,0.0,100000.25,100000.25,0.0,0.78027,0.0,0.0,0.0,0.0,0.0,0.78027,False,False,False,False,False,False,False,True,False,False,False,False,0.59486,0.59486,,,,True,False,True,True,0.72475,9.01834,2.50138,0.72475,0.74935,0.0,0.72475,0.72475,0.86477,False,False,False,True,True,True,False,True,False,True,True,True,421.7334,60.70174,0,1.92213,0.24167,0.29933,1.45758,2.38668,False,False,1.0,,,,,46.0,1.0,10.0,,,0.59486,-2.50138,-53.7942,-715.43481,-2.50138,False,9,True,True,True,True,True,True,True,True,True,True,844.0,1125.0,915.0,995.0,0.5,1109.5,1125.0,12,0.9992226972405752,SFEGVWKVVEANGSLKVGQILTITKLSEDEYVITSTLGDKTETYHCKVLKKEGNKLILLDLDTGTTIEVIQLSDDTLEAKNLETGDKAILEKIEL
task-26767312-10_spec_713,16,GDVGTYSFTITGSDGLIGTGTVTVHEDGTLTGTFTFDDGVTGTLEGNLKTGKFTIKSSEGTLTGTLTKVSDDTYTGTFTGSDGLTGTITLTKVS,GDVGTYSFTITGSDGLIGTGTVTVHEDGTLTGTFTFDDGVTGTLEGNLKTGKFTIKSSEGTLTGTLTKVSDDTYTGTFTGSDGLTGTITLTKVS,94,0.14286,0.71865,2.51461,0.8117,0.63245,1.07312,2,394.53806,242.7265,45.0295,45.0295,0.32979,0.0,0.67021,task-26767312-10_spec_713.cif,94,21,115.0,115.0,0.0,0.19149,0.0,0.0,0.07447,0.0,0.2766,0.06383,0.04255,0.01064,0.08511,0.08511,0.0,0.0,0.03191,0.05319,0.01064,0.05319,0.0,0.02128,0.0,90,9,9,0,0,0,0,0,0,0,-1,0,0,,49-92,5,,10.0,0,-1,0,0,,,0,,0.0,-1,0,0,,,0,,0.0,0,-1,0,0,,,0,,0.0,-1,0,0,,,0,,0.0,0,-1,0,0,,,0,,0.0,-1,0,0,,14-82,4,,10.0,-1,0,0,,,0,,0.0,"AspCleavex4(pos14-82,sev10); ProtTrypx5(pos49-92,sev10)",0.0,0.0,0.0,0.0,1.07312,1.07312,,,,True,False,True,True,0.0,0.0,100000.25,100000.25,0.0,0.81766,0.0,0.0,0.0,0.0,0.0,0.81766,False,False,False,False,False,False,True,True,False,False,False,False,0.63245,0.63245,,,,True,False,True,True,0.71865,9.6961,2.51461,0.71865,0.79356,0.0,0.71865,0.71865,0.83742,False,False,False,True,True,True,True,True,False,True,True,True,416.91531,22.37726,0,1.68249,0.12435,0.10585,1.44206,1.92292,False,False,,,,,,,,,,,0.63245,-2.51461,-45.0295,-242.7265,-2.51461,False,9,True,True,True,True,True,True,True,True,True,True,1136.0,140.0,972.0,995.0,0.5,718.0,1136.0,13,0.999167175614902,GDVGTYSFTITGSDGLIGTGTVTVHEDGTLTGTFTFDDGVTGTLEGNLKTGKFTIKSSEGTLTGTLTKVSDDTYTGTFTGSDGLTGTITLTKVS
task-26767312-1_spec_599,17,SIAGTYTGTGTDSDGEPVTGTATVGADGSVTVTLVSSGTPPATVTVTGTVEKGKTGKGTGTDSLTGGPVEGTFELVDDNTLNVTAVSTAGEKGTLTATLTKTS,SIAGTYTGTGTDSDGEPVTGTATVGADGSVTVTLVSSGTPPATVTVTGTVEKGKTGKGTGTDSLTGGPVEGTFELVDDNTLNVTAVSTAGEKGTLTATLTKTS,103,0.10448,0.81376,1.85859,0.79142,0.70518,1.06435,2,357.86636,450.039,36.8931,36.8931,0.34951,0.0,0.65049,task-26767312-1_spec_599.cif,103,21,124.0,124.0,0.0,0.17476,0.06796,0.0,0.07767,0.03883,0.26214,0.1165,0.00971,0.01942,0.05825,0.05825,0.0,0.0,0.04854,0.04854,0.0,0.00971,0.0,0.00971,0.0,90,9,9,0,0,0,0,0,0,0,-1,0,0,,52-101,5,,10.0,0,-1,0,0,,,0,,0.0,-1,0,0,,,0,,0.0,0,-1,0,0,,,0,,0.0,-1,0,0,,,0,,0.0,0,-1,0,0,,,0,,0.0,-1,0,0,,12-62,4,,10.0,-1,0,0,,,0,,0.0,"AspCleavex4(pos12-62,sev10); ProtTrypx5(pos52-101,sev10)",0.0,0.0,0.0,0.0,1.06435,1.06435,,,,True,False,True,True,0.0,0.0,100000.25,100000.25,0.0,0.75194,0.0,0.0,0.0,0.0,0.0,0.75194,False,False,False,False,False,False,False,True,False,False,False,False,0.70518,0.70518,,,,True,False,True,True,0.81376,8.41114,1.85859,0.81376,0.79304,0.0,0.81376,0.81376,0.87467,False,True,True,True,True,True,False,True,True,True,True,True,414.33395,56.46759,0,0.82838,0.49719,0.88991,-0.28488,1.94163,False,False,,,,,,,,,,,0.70518,-1.85859,-36.8931,-450.039,-1.85859,False,9,True,True,True,True,True,True,True,True,True,True,31.0,352.0,76.0,995.0,0.5,1145.0,1145.0,14,0.9991116539892289,SIAGTYTGTGTDSDGEPVTGTATVGADGSVTVTLVSSGTPPATVTVTGTVEKGKTGKGTGTDSLTGGPVEGTFELVDDNTLNVTAVSTAGEKGTLTATLTKTS
task-26767312-19_spec_164,18,SEAVREEIRRIAEIVVDHLEEKFGLAAIPRFAEILEALDPAEVLARAEADPRLREIGEKVRKGEISPAEALEELLKTLDPKDLEELALIAAWALMLVALKYEKVDNVEELLEKLRELQKEFVEILLELGAEAAAARA,SEAVREEIRRIAEIVVDHLEEKFGLAAIPRFAEILEALDPAEVLARAEADPRLREIGEKVRKGEISPAEALEELLKTLDPKDLEELALIAAWALMLVALKYEKVDNVEELLEKLRELQKEFVEILLELGAEAAAARA,137,0.06876,0.83993,2.06086,0.81413,0.9228,0.96839,2,355.49588,1396.53552,62.5482,62.5482,0.16058,0.83942,0.0,task-26767312-19_spec_164.cif,137,21,158.0,158.0,0.0,0.0292,0.16788,0.0,0.0146,0.0365,0.0073,0.06569,0.06569,0.0073,0.0438,0.16788,0.0073,0.0073,0.19708,0.06569,0.0073,0.0219,0.07299,0.0073,0.0073,245,26,23,3,0,0,0,0,0,0,-1,0,0,,5-136,19,,10.0,0,92,1,10,,,0,,0.0,-1,0,0,,14-124,2,,5.0,0,-1,0,0,,,0,,0.0,95,1,5,,,0,,0.0,0,-1,0,0,,,0,,0.0,-1,0,0,,39-79,3,,10.0,-1,0,0,,,0,,0.0,"AspCleavex3(pos39-79,sev10); ProtTrypx19(pos5-136,sev10); MetOx(pos95,sev5); TrpOx(pos92,sev10); HydroPatchx2(pos14-124,sev5)",0.0,0.0,0.0,0.0,0.96839,0.96839,,,,True,False,True,True,0.0,0.0,100000.25,100000.25,0.0,0.83287,0.0,0.0,0.0,0.0,0.0,0.83287,False,False,False,False,False,False,True,True,False,False,False,False,0.9228,0.9228,,,,True,False,True,True,0.83993,9.32934,2.06086,0.83993,0.80763,0.0,0.83993,0.83993,0.88381,False,False,True,True,True,True,True,True,True,True,True,True,419.12708,63.6312,0,1.81887,0.23596,0.40316,1.30719,2.33055,False,False,,,,,,,,,,,0.9228,-2.06086,-62.5482,-1396.53552,-2.06086,False,9,True,True,True,True,True,True,True,True,True,True,12.0,121.0,156.0,995.0,0.5,1172.5,1172.5,15,0.9990561323635556,SEAVREEIRRIAEIVVDHLEEKFGLAAIPRFAEILEALDPAEVLARAEADPRLREIGEKVRKGEISPAEALEELLKTLDPKDLEELALIAAWALMLVALKYEKVDNVEELLEKLRELQKEFVEILLELGAEAAAARA
task-26767312-11_spec_571,19,ARVLKGTGKILSGSSAVGGTVVGETTFEDGRVEIGTVTFASETEFSGTGTLNGQPATWSGTVDGDTVTGTLNVEGLGTFDWTATFDGGLNVGATGTVVATEI,ARVLKGTGKILSGSSAVGGTVVGETTFEDGRVEIGTVTFASETEFSGTGTLNGQPATWSGTVDGDTVTGTLNVEGLGTFDWTATFDGGLNVGATGTVVATEI,102,0.00335,0.7942,1.56312,0.76025,0.78675,0.79284,2,411.09964,947.24585,47.4305,47.4305,0.31373,0.0,0.68627,task-26767312-11_spec_571.cif,102,21,123.0,123.0,0.0,0.19608,0.06863,0.0,0.05882,0.0098,0.19608,0.11765,0.02941,0.02941,0.04902,0.05882,0.0,0.0098,0.06863,0.01961,0.0,0.04902,0.01961,0.0,0.01961,105,11,10,1,0,0,0,0,0,0,-1,0,0,,2-31,4,,10.0,0,-1,0,0,,58-81,2,,10.0,-1,0,0,,,0,,0.0,0,1,1,5,,,0,,0.0,-1,0,0,,,0,,0.0,0,-1,0,0,,,0,,0.0,-1,0,0,,29-86,3,,10.0,52,2,10,,,0,,0.0,"AspBridge(pos52,sev10); AspCleavex3(pos29-86,sev10); ProtTrypx4(pos2-31,sev10); DPP4(pos1,sev5); TrpOxx2(pos58-81,sev10)",0.0,0.0,0.0,0.0,0.79284,0.79284,,,,True,False,True,True,0.0,0.0,100000.25,100000.25,0.0,0.74811,0.0,0.0,0.0,0.0,0.0,0.74811,False,False,False,False,False,False,False,False,False,False,False,False,0.78675,0.78675,,,,True,False,True,True,0.7942,6.94211,1.56312,0.7942,0.75749,0.0,0.7942,0.7942,0.91594,False,True,True,True,True,True,False,True,False,True,True,True,413.1814,2.08177,0,0.95289,0.33771,0.67207,0.70341,1.20237,False,False,,,,,,,,,,,0.78675,-1.56312,-47.4305,-947.24585,-1.56312,False,9,True,True,True,True,True,True,True,True,True,True,66.0,1177.0,22.0,995.0,0.5,221.5,1177.0,16,0.9990006107378824,ARVLKGTGKILSGSSAVGGTVVGETTFEDGRVEIGTVTFASETEFSGTGTLNGQPATWSGTVDGDTVTGTLNVEGLGTFDWTATFDGGLNVGATGTVVATEI
task-26767312-1_spec_709,20,MVLTLDTVVRPKPELLKLLKSGGAQKDTYTVKEVIFYLGQYAMTKRLYDPDDQYTVYCQNDLLGDVFGQPTIRLSLPDAPTDEELELIARCMEP,MVLTLDTVVRPKPELLKLLKSGGAQKDTYTVKEVIFYLGQYAMTKRLYDPDDQYTVYCQNDLLGDVFGQPTIRLSLPDAPTDEELELIARCMEP,94,0.27487,0.77169,1.84484,0.79359,1.16562,1.28861,2,354.65158,1113.79639,56.309,56.309,0.40426,0.43617,0.15957,task-26767312-1_spec_709.cif,94,21,115.0,115.0,0.0,0.05319,0.04255,0.02128,0.02128,0.07447,0.08511,0.07447,0.03191,0.01064,0.09574,0.14894,0.03191,0.05319,0.06383,0.06383,0.0,0.02128,0.04255,0.06383,0.0,130,15,11,4,0,0,0,0,0,0,-1,0,0,,10-90,10,,10.0,0,-1,0,0,,,0,,0.0,34,5,5,,,0,,0.0,0,-1,0,0,,,0,,0.0,-1,0,0,,1-92,3,,5.0,0,-1,0,0,,,0,,0.0,49,2,10,,,0,,0.0,-1,0,0,,,0,,0.0,"AspCleave(pos49,sev10); ProtTrypx10(pos10-90,sev10); MetOxx3(pos1-92,sev5); HydroPatch(pos34,sev5)",0.0,0.0,0.0,0.0,1.28861,1.28861,,,,True,False,True,True,0.0,0.0,100000.25,100000.25,0.0,0.7414,0.0,0.0,0.0,0.0,0.0,0.7414,False,False,False,False,False,False,False,False,False,False,False,False,1.16562,1.16562,,,,True,False,True,True,0.77169,9.42274,1.84484,0.77169,0.78618,0.0,0.77169,0.77169,0.86651,False,True,True,True,True,True,False,True,False,True,True,True,428.909,74.25742,0,1.90926,0.33337,0.39187,1.47106,2.34745,False,False,,,,,,,,,,,1.16562,-1.84484,-56.309,-1113.79639,-1.84484,False,9,True,True,True,True,True,True,True,True,True,True,141.0,322.0,69.0,995.0,0.5,1184.0,1184.0,17,0.9989450891122093,MVLTLDTVVRPKPELLKLLKSGGAQKDTYTVKEVIFYLGQYAMTKRLYDPDDQYTVYCQNDLLGDVFGQPTIRLSLPDAPTDEELELIARCMEP
task-26767312-19_spec_235,21,AAVPAEFEGTWKLVSSENYEELLKAMGVDEETIKKEVAGHKDAVVTIKVDGTKVTVKVESSYVNEEITFEIGVEFDYTDKSLGGIKVKSLLTVEDGVLVETQKWDGKTLTIKRELEGDKLVVTEVFGDVTCTRVWERV,AAVPAEFEGTWKLVSSENYEELLKAMGVDEETIKKEVAGHKDAVVTIKVDGTKVTVKVESSYVNEEITFEIGVEFDYTDKSLGGIKVKSLLTVEDGVLVETQKWDGKTLTIKRELEGDKLVVTEVFGDVTCTRVWERV,138,0.25311,0.77182,2.56298,0.76029,1.19828,1.01219,2,399.4108,1169.82056,53.2332,53.2332,0.26087,0.17391,0.56522,task-26767312-19_spec_235.cif,138,21,159.0,159.0,0.0,0.07971,0.04348,0.00725,0.04348,0.00725,0.10145,0.15942,0.04348,0.01449,0.06522,0.07246,0.00725,0.00725,0.13768,0.1087,0.00725,0.02899,0.02174,0.02174,0.02174,270,29,25,4,0,0,0,0,0,0,-1,0,0,,12-137,18,,10.0,0,-1,0,0,,11-135,3,,10.0,-1,0,0,,97-120,2,,5.0,0,1,1,5,,,0,,0.0,26,1,5,,,0,,0.0,0,-1,0,0,,,0,,0.0,-1,0,0,,50-105,3,,10.0,-1,0,0,,,0,,0.0,"AspCleavex3(pos50-105,sev10); ProtTrypx18(pos12-137,sev10); DPP4(pos1,sev5); MetOx(pos26,sev5); TrpOxx3(pos11-135,sev10); HydroPatchx2(pos97-120,sev5); UnpairedCys(pos131,sev10)",0.0,0.0,0.0,0.0,1.01219,1.01219,,,,True,False,True,True,0.0,0.0,100000.25,100000.25,0.0,0.74365,0.0,0.0,0.0,0.0,0.0,0.74365,False,False,False,False,False,False,False,False,False,False,False,False,1.19828,1.19828,,,,True,False,True,True,0.77182,8.88077,2.56298,0.77182,0.75821,0.0,0.77182,0.75795,0.8588,False,False,False,True,True,True,False,True,False,True,True,True,419.16055,19.74975,0,1.99082,0.28566,0.31821,1.77129,2.21035,False,False,1.0,,,,,131.0,1.0,10.0,,,1.19828,-2.56298,-53.2332,-1169.82056,-2.56298,False,9,True,True,True,True,True,True,True,True,True,True,140.0,1174.0,1201.0,995.0,0.5,609.5,1201.0,18,0.998889567486536,AAVPAEFEGTWKLVSSENYEELLKAMGVDEETIKKEVAGHKDAVVTIKVDGTKVTVKVESSYVNEEITFEIGVEFDYTDKSLGGIKVKSLLTVEDGVLVETQKWDGKTLTIKRELEGDKLVVTEVFGDVTCTRVWERV
task-26767312-5_spec_154,22,DVLVGTWTGTETHQDGSVSDVTVELTQLGDNTISFKITSSGDVEFEATGTLTRVSDTVYTGTATWSDGSTSDVTLTLLSDDTLLLTLTGPLGTSTATLTKV,DVLVGTWTGTETHQDGSVSDVTVELTQLGDNTISFKITSSGDVEFEATGTLTRVSDTVYTGTATWSDGSTSDVTLTLLSDDTLLLTLTGPLGTSTATLTKV,101,0.19678,0.73206,1.8233,0.75855,0.93772,0.81719,3,382.7178,454.25723,51.4167,51.4167,0.28713,0.0,0.71287,task-26767312-5_spec_154.cif,101,21,122.0,122.0,0.0,0.09901,0.0297,0.0,0.10891,0.0099,0.24752,0.09901,0.0198,0.0099,0.09901,0.12871,0.0,0.0198,0.0396,0.0198,0.0099,0.0198,0.0099,0.0099,0.0198,80,9,7,2,0,0,0,0,0,0,-1,0,0,,36-100,3,,10.0,0,-1,0,0,,7-65,2,,10.0,-1,0,0,,2-83,2,,5.0,0,-1,0,0,,,0,,0.0,-1,0,0,,,0,,0.0,0,-1,0,0,,,0,,0.0,-1,0,0,,15-67,2,,10.0,-1,0,0,,,0,,0.0,"AspCleavex2(pos15-67,sev10); ProtTrypx3(pos36-100,sev10); TrpOxx2(pos7-65,sev10); HydroPatchx2(pos2-83,sev5)",0.0,0.0,0.0,0.0,0.81719,0.81719,,,,True,False,True,True,0.0,0.0,100000.25,100000.25,0.0,0.75657,0.0,0.0,0.0,0.0,0.0,0.75657,False,False,False,False,False,False,False,True,False,False,False,False,0.93772,0.93772,,,,True,False,True,True,0.73206,9.60998,1.8233,0.73206,0.74987,0.0,0.73206,0.73206,0.85411,False,True,True,True,True,True,False,True,False,True,True,True,406.14883,23.43103,0,1.28798,0.33462,0.47247,1.1266,1.44937,False,False,,,,,,,,,,,0.93772,-1.8233,-51.4167,-454.25723,-1.8233,False,9,True,True,True,True,True,True,True,True,True,True,614.0,1236.0,61.0,362.0,0.5,887.5,1236.0,19,0.9988340458608628,DVLVGTWTGTETHQDGSVSDVTVELTQLGDNTISFKITSSGDVEFEATGTLTRVSDTVYTGTATWSDGSTSDVTLTLLSDDTLLLTLTGPLGTSTATLTKV
task-26767312-11_spec_906,23,GAGAAARAALAAAKPGDQLILESPFGTDTFTVSSVSGTTATGTLTAADGTTGPATVTADGDTITLKGVAGTDTVTITSADGDTFTGTLTHADGSTSPATLTIKKA,GAGAAARAALAAAKPGDQLILESPFGTDTFTVSSVSGTTATGTLTAADGTTGPATVTADGDTITLKGVAGTDTVTITSADGDTFTGTLTHADGSTSPATLTIKKA,105,0.09461,0.7213,2.52949,0.75922,0.91033,0.80976,2,349.3569,939.97675,39.1533,39.1533,0.29524,0.09524,0.60952,task-26767312-11_spec_906.cif,105,21,126.0,126.0,0.0,0.13333,0.18095,0.0,0.06667,0.0381,0.2381,0.04762,0.0381,0.0,0.08571,0.06667,0.0,0.00952,0.00952,0.0381,0.00952,0.02857,0.00952,0.0,0.0,95,10,9,1,0,0,0,0,0,0,-1,0,0,,7-104,5,,10.0,0,-1,0,0,,,0,,0.0,19,3,5,,,0,,0.0,0,-1,0,0,,,0,,0.0,-1,0,0,,,0,,0.0,0,-1,0,0,,,0,,0.0,-1,0,0,,48-92,4,,10.0,-1,0,0,,,0,,0.0,"AspCleavex4(pos48-92,sev10); ProtTrypx5(pos7-104,sev10); HydroPatch(pos19,sev5)",0.0,0.0,0.0,0.0,0.80976,0.80976,,,,True,False,True,True,0.0,0.0,100000.25,100000.25,0.0,0.76686,0.0,0.0,0.0,0.0,0.0,0.76686,False,False,False,False,False,False,False,True,False,False,False,False,0.91033,0.91033,,,,True,False,True,True,0.7213,10.33384,2.52949,0.7213,0.74706,0.0,0.7213,0.7213,0.85705,False,False,False,True,True,True,False,True,False,True,True,True,411.8324,62.4755,0,1.48281,0.15786,0.2211,0.38061,2.58501,False,False,,,,,,,,,,,0.91033,-2.52949,-39.1533,-939.97675,-2.52949,False,9,True,True,True,True,True,True,True,True,True,True,987.0,1213.0,1043.0,995.0,0.5,1252.0,1252.0,20,0.9987785242351896,GAGAAARAALAAAKPGDQLILESPFGTDTFTVSSVSGTTATGTLTAADGTTGPATVTADGDTITLKGVAGTDTVTITSADGDTFTGTLTHADGSTSPATLTIKKA
task-26767312-11_spec_116,24,SAVEEFAKAVAGTWKVLSLEVIEGTEEMKKIAEEVSKDTPVLTITYDGEKFTVKFENSVVNVEVTFTVGKPNPFVFPEEWDGVYKETLEKNGKTMERTITVDVAAGKLTEEITMDGKTYVMEFTQEGDTSTVTVTIK,SAVEEFAKAVAGTWKVLSLEVIEGTEEMKKIAEEVSKDTPVLTITYDGEKFTVKFENSVVNVEVTFTVGKPNPFVFPEEWDGVYKETLEKNGKTMERTITVDVAAGKLTEEITMDGKTYVMEFTQEGDTSTVTVTIK,137,0.23082,0.76107,2.54705,0.75615,1.07434,0.97737,4,367.68011,1324.07996,53.2074,53.2074,0.24818,0.16788,0.58394,task-26767312-11_spec_116.cif,137,21,158.0,158.0,0.0,0.06569,0.05109,0.0,0.0365,0.0292,0.14599,0.13869,0.0438,0.0292,0.0438,0.0365,0.0292,0.0073,0.14599,0.10219,0.0,0.05109,0.0073,0.0219,0.0146,235,26,21,5,0,0,0,0,0,0,-1,0,0,,8-117,14,,10.0,0,-1,0,0,,14-80,2,,10.0,74,3,5,,,0,,0.0,0,-1,0,0,,,0,,0.0,-1,0,0,,28-121,4,,5.0,0,-1,0,0,,,0,,0.0,-1,0,0,,47-115,3,,10.0,-1,0,0,,57-91,2,,10.0,"AspBridgex2(pos57-91,sev10); AspCleavex3(pos47-115,sev10); ProtTrypx14(pos8-117,sev10); MetOxx4(pos28-121,sev5); TrpOxx2(pos14-80,sev10); HydroPatch(pos74,sev5)",0.0,0.0,0.0,0.0,0.97737,0.97737,,,,True,False,True,True,0.0,0.0,100000.25,100000.25,0.0,0.77134,0.0,0.0,0.0,0.0,0.0,0.77134,False,False,False,False,False,False,False,True,False,False,False,False,1.07434,1.07434,,,,True,False,True,True,0.76107,9.48165,2.54705,0.76107,0.75022,0.0,0.76107,0.76107,0.87637,False,False,False,True,True,True,False,True,False,True,True,True,414.17145,46.49134,0,1.27392,0.27075,0.31068,1.24023,1.30761,False,False,,,,,,,,,,,1.07434,-2.54705,-53.2074,-1324.07996,-2.54705,False,9,True,True,True,True,True,True,True,True,True,True,191.0,1336.0,1137.0,87.5,0.5,1043.0,1336.0,21,0.9987230026095164,SAVEEFAKAVAGTWKVLSLEVIEGTEEMKKIAEEVSKDTPVLTITYDGEKFTVKFENSVVNVEVTFTVGKPNPFVFPEEWDGVYKETLEKNGKTMERTITVDVAAGKLTEEITMDGKTYVMEFTQEGDTSTVTVTIK
task-26767312-20_spec_632,25,ATTYTIEFTITFDDGVVVTGTVTVTVGGTGTGTATDSAGNTGTVTATLPSEDTLTFTITWDDGSTLTGTATRSSETTFTGTATSSSGVTGTVTATVVSVS,ATTYTIEFTITFDDGVVVTGTVTVTVGGTGTGTATDSAGNTGTVTATLPSEDTLTFTITWDDGSTLTGTATRSSETTFTGTATSSSGVTGTVTATVVSVS,100,0.03207,0.71764,2.44575,0.79564,0.58792,0.69385,2,342.24194,334.51627,42.7573,42.7573,0.29,0.0,0.71,task-26767312-20_spec_632.cif,100,21,121.0,121.0,0.0,0.13,0.07,0.0,0.1,0.01,0.34,0.12,0.03,0.01,0.06,0.03,0.0,0.0,0.03,0.0,0.0,0.04,0.01,0.01,0.01,60,7,5,2,0,0,0,0,0,0,72,1,10,,,0,,0.0,0,60,1,10,,,0,,0.0,16,3,5,,,0,,0.0,0,1,1,5,,,0,,0.0,-1,0,0,,,0,,0.0,0,-1,0,0,,,0,,0.0,-1,0,0,,14-62,3,,10.0,-1,0,0,,,0,,0.0,"AspCleavex3(pos14-62,sev10); ProtTryp(pos72,sev10); DPP4(pos1,sev5); TrpOx(pos60,sev10); HydroPatch(pos16,sev5)",0.0,0.0,0.0,0.0,0.69385,0.69385,,,,True,False,True,True,0.0,0.0,100000.25,100000.25,0.0,0.81172,0.0,0.0,0.0,0.0,0.0,0.81172,False,False,False,False,False,False,True,True,False,False,False,False,0.58792,0.58792,,,,True,False,True,True,0.71764,9.43942,2.44575,0.71764,0.78137,0.0,0.71764,0.71764,0.86549,False,False,True,True,True,True,False,True,False,True,True,True,423.99432,81.7524,0,1.84997,0.38242,0.73277,0.91271,2.78723,False,False,,,,,,,,,,,0.58792,-2.44575,-42.7573,-334.51627,-2.44575,False,9,True,True,True,True,True,True,True,True,True,True,1190.0,301.0,713.0,995.0,0.5,1365.0,1365.0,22,0.9986674809838432,ATTYTIEFTITFDDGVVVTGTVTVTVGGTGTGTATDSAGNTGTVTATLPSEDTLTFTITWDDGSTLTGTATRSSETTFTGTATSSSGVTGTVTATVVSVS
task-26767312-6_spec_106,26,GPSPQSRMLSTLDYILRTETDPVLRAMARILKTMLKHQFAWPFLKPVDAVLWNVPDYHDIIKHPMDLSTMVRKLEAREYKSLEDFAKDVRLMFSNCWKYNRPDSRVYLMAEALQKLFEQAYAEAKESL,GPSPQSRMLSTLDYILRTETDPVLRAMARILKTMLKHQFAWPFLKPVDAVLWNVPDYHDIIKHPMDLSTMVRKLEAREYKSLEDFAKDVRLMFSNCWKYNRPDSRVYLMAEALQKLFEQAYAEAKESL,128,0.00018,0.77764,2.25429,0.75529,0.81856,1.21444,2,356.8374,1656.57776,60.8394,60.8394,0.27344,0.72656,0.0,task-26767312-6_spec_106.cif,128,21,149.0,149.0,0.0,0.00781,0.08594,0.00781,0.0625,0.0625,0.03906,0.05469,0.03125,0.02344,0.07031,0.125,0.05469,0.03125,0.0625,0.07812,0.02344,0.03906,0.07031,0.04688,0.02344,300,35,25,10,0,0,0,0,0,0,-1,0,0,,7-125,19,,10.0,0,-1,0,0,,41-97,3,,10.0,-1,0,0,,14-106,3,,5.0,0,-1,0,0,,,0,,0.0,-1,0,0,,8-109,7,,5.0,0,-1,0,0,,,0,,0.0,-1,0,0,,21-103,2,,10.0,-1,0,0,,,0,,0.0,"AspCleavex2(pos21-103,sev10); ProtTrypx19(pos7-125,sev10); MetOxx7(pos8-109,sev5); TrpOxx3(pos41-97,sev10); HydroPatchx3(pos14-106,sev5); UnpairedCys(pos96,sev10)",0.0,0.0,0.0,0.0,1.21444,1.21444,,,,True,False,True,True,0.0,0.0,100000.25,100000.25,0.0,0.64511,0.0,0.0,0.0,0.0,0.0,0.64511,False,False,False,False,False,False,False,False,False,False,False,False,0.81856,0.81856,,,,True,False,True,True,0.77764,9.94594,2.25429,0.77764,0.75225,0.0,0.77764,0.77764,0.85537,False,False,True,True,True,True,False,True,False,True,True,True,413.57651,56.73909,0,2.04459,0.31751,0.63484,0.67777,3.41142,False,False,1.0,,,,,96.0,1.0,10.0,,,0.81856,-2.25429,-60.8394,-1656.57776,-2.25429,False,9,True,True,True,True,True,True,True,True,True,True,113.0,1372.0,324.0,995.0,0.5,1157.5,1372.0,23,0.99861195935817,GPSPQSRMLSTLDYILRTETDPVLRAMARILKTMLKHQFAWPFLKPVDAVLWNVPDYHDIIKHPMDLSTMVRKLEAREYKSLEDFAKDVRLMFSNCWKYNRPDSRVYLMAEALQKLFEQAYAEAKESL
task-26767312-17_spec_587,27,GAPAVMAVGATVTITFSDGGVIKGTITSVSGNTATFTGTTNAGGDSPWTGTLTFPDDETATLSGSDAAGSFSGTLTLTEATATSAVFSGTASGDRGTDGVTLTITAP,GAPAVMAVGATVTITFSDGGVIKGTITSVSGNTATFTGTTNAGGDSPWTGTLTFPDDETATLSGSDAAGSFSGTLTLTEATATSAVFSGTASGDRGTDGVTLTITAP,107,0.10705,0.71489,2.53755,0.77246,1.25571,1.64014,3,372.33038,502.29803,43.5972,43.5972,0.28972,0.03738,0.6729,task-26767312-17_spec_587.cif,107,21,128.0,128.0,0.0,0.15888,0.13084,0.0,0.1028,0.03738,0.23364,0.06542,0.03738,0.01869,0.06542,0.04673,0.00935,0.0,0.01869,0.00935,0.0,0.04673,0.00935,0.0,0.00935,75,8,7,1,0,0,0,0,0,0,-1,0,0,,23-95,2,,10.0,0,48,1,10,,,0,,0.0,-1,0,0,,,0,,0.0,0,-1,0,0,,,0,,0.0,6,1,5,,,0,,0.0,0,-1,0,0,,,0,,0.0,-1,0,0,,18-98,3,,10.0,41,2,10,,,0,,0.0,"AspBridge(pos41,sev10); AspCleavex3(pos18-98,sev10); ProtTrypx2(pos23-95,sev10); MetOx(pos6,sev5); TrpOx(pos48,sev10)",0.0,0.0,0.0,0.0,1.64014,1.64014,,,,True,False,True,True,0.0,0.0,100000.25,100000.25,0.0,0.73251,0.0,0.0,0.0,0.0,0.0,0.73251,False,False,False,False,False,False,False,False,False,False,False,False,1.25571,1.25571,,,,True,False,True,True,0.71489,10.23695,2.53755,0.71489,0.7576,0.0,0.71489,0.71489,0.86448,False,False,False,True,True,True,False,True,False,True,True,True,413.96838,41.63802,0,1.97329,0.17664,0.24623,2.1211,1.82548,False,False,,,,,,,,,,,1.25571,-2.53755,-43.5972,-502.29803,-2.53755,False,9,True,True,True,True,True,True,True,True,True,True,1375.0,767.0,1090.0,362.0,0.5,998.5,1375.0,24,0.9985564377324968,GAPAVMAVGATVTITFSDGGVIKGTITSVSGNTATFTGTTNAGGDSPWTGTLTFPDDETATLSGSDAAGSFSGTLTLTEATATSAVFSGTASGDRGTDGVTLTITAP
task-26767312-20_spec_505,28,SAPLAAAQGTWSATVTYSDGSVYTGTLTVESPTTLTFEGTDENGKPFKGTLTFSPDSTTFSGTITYDGKTYKVSGTATVTLDGDKLTITANVTTEAGNITVTFEATRQ,SAPLAAAQGTWSATVTYSDGSVYTGTLTVESPTTLTFEGTDENGKPFKGTLTFSPDSTTFSGTITYDGKTYKVSGTATVTLDGDKLTITANVTTEAGNITVTFEATRQ,108,0.20086,0.72341,2.45408,0.78122,0.9696,1.17266,2,340.65308,596.47778,44.4513,44.4513,0.25,0.03704,0.71296,task-26767312-20_spec_505.cif,108,21,129.0,129.0,0.0,0.10185,0.08333,0.0,0.08333,0.03704,0.25,0.06481,0.02778,0.02778,0.05556,0.05556,0.0,0.01852,0.0463,0.0463,0.0,0.0463,0.00926,0.03704,0.00926,120,12,12,0,0,0,0,0,0,0,-1,0,0,,45-107,6,,10.0,0,11,1,10,,,0,,0.0,-1,0,0,,,0,,0.0,0,-1,0,0,,,0,,0.0,-1,0,0,,,0,,0.0,0,-1,0,0,,,0,,0.0,-1,0,0,,19-82,4,,10.0,43,2,10,,,0,,0.0,"AspBridge(pos43,sev10); AspCleavex4(pos19-82,sev10); ProtTrypx6(pos45-107,sev10); TrpOx(pos11,sev10)",0.0,0.0,0.0,0.0,1.17266,1.17266,,,,True,False,True,True,0.0,0.0,100000.25,100000.25,0.0,0.83406,0.0,0.0,0.0,0.0,0.0,0.83406,False,False,False,False,False,False,True,True,False,False,False,False,0.9696,0.9696,,,,True,False,True,True,0.72341,10.31489,2.45408,0.72341,0.76537,0.0,0.72341,0.72341,0.84354,False,False,True,True,True,True,False,True,False,True,True,True,404.17935,63.52627,0,1.58498,0.23246,0.26406,1.00056,2.1694,False,False,,,,,,,,,,,0.9696,-2.45408,-44.4513,-596.47778,-2.45408,False,9,True,True,True,True,True,True,True,True,True,True,902.0,547.0,745.0,995.0,0.5,1400.5,1400.5,25,0.9985009161068236,SAPLAAAQGTWSATVTYSDGSVYTGTLTVESPTTLTFEGTDENGKPFKGTLTFSPDSTTFSGTITYDGKTYKVSGTATVTLDGDKLTITANVTTEAGNITVTFEATRQ
task-26767312-9_spec_841,30,PPGTYECEGTDSEGRGVTAVITVYSDGKVTGTLTWSDGSVVEFEGERVSDNVYKGTGVDLTTGEPVNVTIELVDEETIVVTCTSALGTVTFTLKVKKFTP,PPGTYECEGTDSEGRGVTAVITVYSDGKVTGTLTWSDGSVVEFEGERVSDNVYKGTGVDLTTGEPVNVTIELVDEETIVVTCTSALGTVTFTLKVKKFTP,100,0.1842,0.71609,2.60401,0.75807,0.53835,0.87512,3,364.27209,361.12354,46.6598,46.6598,0.31,0.0,0.69,task-26767312-9_spec_841.cif,100,21,121.0,121.0,0.0,0.12,0.02,0.02,0.06,0.04,0.18,0.16,0.03,0.02,0.06,0.05,0.0,0.0,0.1,0.05,0.0,0.03,0.02,0.03,0.01,120,13,11,2,0,0,0,0,0,0,-1,0,0,,15-97,7,,10.0,0,35,1,10,,,0,,0.0,78,3,5,,,0,,0.0,0,1,2,5,,,0,,0.0,-1,0,0,,,0,,0.0,0,-1,0,0,,,0,,0.0,-1,0,0,,11-37,3,,10.0,-1,0,0,,,0,,0.0,"AspCleavex3(pos11-37,sev10); ProtTrypx7(pos15-97,sev10); DPP4(pos1,sev5); TrpOx(pos35,sev10); HydroPatch(pos78,sev5)",0.0,0.0,0.0,0.0,0.87512,0.87512,,,,True,False,True,True,0.0,0.0,100000.25,100000.25,0.0,0.77265,0.0,0.0,0.0,0.0,0.0,0.77265,False,False,False,False,False,False,False,True,False,False,False,False,0.53835,0.53835,,,,True,False,True,True,0.71609,9.94054,2.60401,0.71609,0.73326,0.0,0.71609,0.71609,0.83928,False,False,False,True,True,True,False,True,False,True,True,True,416.42395,52.15184,0,1.65194,0.22822,0.27225,1.12722,2.17667,False,False,,,,,,,,,,,0.53835,-2.60401,-46.6598,-361.12354,-2.60401,False,9,True,True,True,True,True,True,True,True,True,True,1278.0,1252.0,1417.0,362.0,0.5,1082.0,1417.0,27,0.9983898728554772,PPGTYECEGTDSEGRGVTAVITVYSDGKVTGTLTWSDGSVVEFEGERVSDNVYKGTGVDLTTGEPVNVTIELVDEETIVVTCTSALGTVTFTLKVKKFTP
task-26767312-13_spec_833,31,GLVPAEKVNGTWSVSGTDSAGNTATGTVTVDGDKLTGELTWSDGSTEKIEATGTGGVFTGTATVNGKTYPVTVELLSETTLKITIPETGLTTTLTLTRL,GLVPAEKVNGTWSVSGTDSAGNTATGTVTVDGDKLTGELTWSDGSTEKIEATGTGGVFTGTATVNGKTYPVTVELLSETTLKITIPETGLTTTLTLTRL,99,0.13636,0.71947,2.42522,0.76474,0.63976,0.6992,3,338.18518,443.09399,46.0129,46.0129,0.27273,0.0404,0.68687,task-26767312-13_spec_833.cif,99,21,120.0,120.0,0.0,0.14141,0.05051,0.0,0.06061,0.0303,0.25253,0.09091,0.0303,0.0303,0.0404,0.10101,0.0,0.0,0.07071,0.05051,0.0,0.0101,0.0101,0.0101,0.0202,130,13,13,0,0,0,0,0,0,0,-1,0,0,,7-98,6,,10.0,0,-1,0,0,,12-41,2,,10.0,-1,0,0,,,0,,0.0,0,-1,0,0,,,0,,0.0,-1,0,0,,,0,,0.0,0,-1,0,0,,,0,,0.0,-1,0,0,,18-43,3,,10.0,-1,0,0,,9-65,2,,10.0,"AspBridgex2(pos9-65,sev10); AspCleavex3(pos18-43,sev10); ProtTrypx6(pos7-98,sev10); TrpOxx2(pos12-41,sev10)",0.0,0.0,0.0,0.0,0.6992,0.6992,,,,True,False,True,True,0.0,0.0,100000.25,100000.25,0.0,0.77799,0.0,0.0,0.0,0.0,0.0,0.77799,False,False,False,False,False,False,False,True,False,False,False,False,0.63976,0.63976,,,,True,False,True,True,0.71947,9.59172,2.42522,0.71947,0.75512,0.0,0.71947,0.71947,0.83773,False,False,True,True,True,True,False,True,False,True,True,True,410.63403,72.44887,0,0.901,0.25738,0.37839,0.61529,1.18671,False,False,,,,,,,,,,,0.63976,-2.42522,-46.0129,-443.09399,-2.42522,False,9,True,True,True,True,True,True,True,True,True,True,1091.0,1007.0,642.0,362.0,0.5,1450.5,1450.5,28,0.998334351229804,GLVPAEKVNGTWSVSGTDSAGNTATGTVTVDGDKLTGELTWSDGSTEKIEATGTGGVFTGTATVNGKTYPVTVELLSETTLKITIPETGLTTTLTLTRL
