id,final_rank,designed_sequence,designed_chain_sequence,num_design,affinity_probability_binary1,design_to_target_iptm,min_design_to_target_pae,design_ptm,filter_rmsd,designfolding-filter_rmsd,plip_hbonds_refolded,delta_sasa_refolded,design_largest_hydrophobic_patch_refolded,design_chain_hydrophobicity,design_hydrophobicity,loop,helix,sheet,file_name,num_prot_tokens,num_lig_atoms,num_resolved_tokens,num_tokens,UNK_fraction,GLY_fraction,ALA_fraction,CYS_fraction,SER_fraction,PRO_fraction,THR_fraction,VAL_fraction,ILE_fraction,ASN_fraction,ASP_fraction,LEU_fraction,MET_fraction,GLN_fraction,GLU_fraction,LYS_fraction,HIS_fraction,PHE_fraction,ARG_fraction,TYR_fraction,TRP_fraction,liability_score,liability_num_violations,liability_high_severity_violations,liability_medium_severity_violations,liability_low_severity_violations,liability_AspBridge_count,liability_ProtTryp_count,liability_AspCleave_count,liability_AspCleave_position,liability_AspCleave_length,liability_AspCleave_severity,liability_AspCleave_details,liability_AspCleave_positions,liability_AspCleave_num_positions,liability_AspCleave_global_details,liability_AspCleave_avg_severity,liability_ProtTryp_position,liability_ProtTryp_length,liability_ProtTryp_severity,liability_ProtTryp_details,liability_ProtTryp_positions,liability_ProtTryp_num_positions,liability_ProtTryp_global_details,liability_ProtTryp_avg_severity,liability_AspBridge_position,liability_AspBridge_length,liability_AspBridge_severity,liability_AspBridge_details,liability_AspBridge_positions,liability_AspBridge_num_positions,liability_AspBridge_global_details,liability_AspBridge_avg_severity,liability_DPP4_count,liability_DPP4_position,liability_DPP4_length,liability_DPP4_severity,liability_DPP4_details,liability_DPP4_positions,liability_DPP4_num_positions,liability_DPP4_global_details,liability_DPP4_avg_severity,liability_MetOx_count,liability_MetOx_position,liability_MetOx_length,liability_MetOx_severity,liability_MetOx_details,liability_MetOx_positions,liability_MetOx_num_positions,liability_MetOx_global_details,liability_MetOx_avg_severity,liability_TrpOx_count,liability_TrpOx_position,liability_TrpOx_length,liability_TrpOx_severity,liability_TrpOx_details,liability_TrpOx_positions,liability_TrpOx_num_positions,liability_TrpOx_global_details,liability_TrpOx_avg_severity,liability_NTCycl_count,liability_NTCycl_position,liability_NTCycl_length,liability_NTCycl_severity,liability_NTCycl_details,liability_NTCycl_positions,liability_NTCycl_num_positions,liability_NTCycl_global_details,liability_NTCycl_avg_severity,liability_HydroPatch_count,liability_HydroPatch_position,liability_HydroPatch_length,liability_HydroPatch_severity,liability_HydroPatch_details,liability_HydroPatch_positions,liability_HydroPatch_num_positions,liability_HydroPatch_global_details,liability_HydroPatch_avg_severity,liability_violations_summary,native_rmsd,native_rmsd_bb,native_rmsd_refolded,native_rmsd_bb_refolded,designfolding-bb_rmsd,designfolding-bb_rmsd_design,designfolding-bb_rmsd_target,designfolding-bb_rmsd_design_target,designfolding-bb_target_aligned_rmsd_design,designfolding-bb_rmsd<2.5,designfolding-bb_target_aligned<2.5,designfolding-bb_designability_rmsd_2,designfolding-bb_designability_rmsd_4,designfolding-ligand_iptm,designfolding-interaction_pae,designfolding-min_interaction_pae,designfolding-min_design_to_target_pae,designfolding-iptm,designfolding-ptm,designfolding-protein_iptm,designfolding-design_iptm,designfolding-design_iiptm,designfolding-design_to_target_iptm,designfolding-target_ptm,designfolding-design_ptm,designfolding-min_interaction_pae<1.5,designfolding-min_interaction_pae<2,designfolding-min_interaction_pae<2.5,designfolding-min_interaction_pae<3,designfolding-min_interaction_pae<4,designfolding-min_interaction_pae<5,designfolding-design_ptm>80,designfolding-design_ptm>75,designfolding-design_iptm>80,designfolding-design_iptm>70,designfolding-design_iptm>60,designfolding-design_iptm>50,bb_rmsd,bb_rmsd_design,bb_rmsd_target,bb_rmsd_design_target,bb_target_aligned_rmsd_design,bb_rmsd<2.5,bb_target_aligned<2.5,bb_designability_rmsd_2,bb_designability_rmsd_4,ligand_iptm,interaction_pae,min_interaction_pae,iptm,ptm,protein_iptm,design_iptm,design_iiptm,target_ptm,min_interaction_pae<1.5,min_interaction_pae<2,min_interaction_pae<2.5,min_interaction_pae<3,min_interaction_pae<4,min_interaction_pae<5,design_ptm>80,design_ptm>75,design_iptm>80,design_iptm>70,design_iptm>60,design_iptm>50,design_sasa_unbound_refolded,design_sasa_bound_refolded,plip_saltbridge_refolded,affinity_pred_value,affinity_probability_binary,affinity_probability_binary2,affinity_pred_value2,affinity_pred_value1,affinity_probability_binary1>50,affinity_probability_binary1>75,liability_UnpairedCys_count,liability_UnpairedCys_position,liability_UnpairedCys_length,liability_UnpairedCys_severity,liability_UnpairedCys_details,liability_UnpairedCys_positions,liability_UnpairedCys_num_positions,liability_UnpairedCys_global_details,liability_UnpairedCys_avg_severity,liability_details,filter_rmsd_design,neg_min_design_to_target_pae,neg_design_hydrophobicity,neg_design_largest_hydrophobic_patch_refolded,neg_min_interaction_pae,has_x,num_filters_passed,pass_has_x_filter,pass_filters,pass_filter_rmsd_filter,pass_filter_rmsd_design_filter,pass_designfolding-filter_rmsd_filter,pass_ALA_fraction_filter,pass_GLY_fraction_filter,pass_GLU_fraction_filter,pass_LEU_fraction_filter,pass_VAL_fraction_filter,rank_design_to_target_iptm,rank_design_ptm,rank_neg_min_design_to_target_pae,rank_plip_hbonds_refolded,rank_plip_saltbridge_refolded,rank_delta_sasa_refolded,max_rank,secondary_rank,quality_score,sequence
task-26768452-3_spec_123,1,MTYDISSAEAAKAVLGPLAAIAVAEAGEGPVPEALRQAAVDALRALLAAHPELRDVDLTDVMKAIGLSTDVPTLRALLEAVENNEFENVAALVAALVALLVTARQLYAPDSPAAKAAEAAANAALAQLPGLKNVKIKIT,MTYDISSAEAAKAVLGPLAAIAVAEAGEGPVPEALRQAAVDALRALLAAHPELRDVDLTDVMKAIGLSTDVPTLRALLEAVENNEFENVAALVAALVALLVTARQLYAPDSPAAKAAEAAANAALAQLPGLKNVKIKIT,139,0.71387,0.79184,1.83817,0.78457,0.92246,0.98025,7,528.69104,1823.96082,55.5623,55.5623,0.29496,0.66187,0.04317,task-26768452-3_spec_123.cif,139,37,176.0,176.0,0.0,0.03597,0.25899,0.0,0.02878,0.05755,0.04317,0.09353,0.03597,0.03597,0.05036,0.14388,0.01439,0.02158,0.07194,0.04317,0.00719,0.00719,0.03597,0.01439,0.0,145,16,13,3,0,0,0,0,110,2,10,,,0,,0.0,-1,0,0,,12-137,11,,10.0,122,2,10,,,0,,0.0,0,-1,0,0,,,0,,0.0,0,-1,0,0,,1-62,2,,5.0,0,-1,0,0,,,0,,0.0,0,-1,0,0,,,0,,0.0,0,99,3,5,,,0,,0.0,"AspBridge(pos122,sev10); AspCleave(pos110,sev10); ProtTrypx11(pos12-137,sev10); MetOxx2(pos1-62,sev5); HydroPatch(pos99,sev5)",0.0,0.0,0.0,0.0,0.98025,0.98025,,,,True,False,True,True,0.0,0.0,100000.25,100000.25,0.0,0.68786,0.0,0.0,0.0,0.0,0.0,0.68786,False,False,False,False,False,False,False,False,False,False,False,False,0.92246,0.92246,,,,True,False,True,True,0.79184,9.28673,1.83817,0.79184,0.77765,0.0,0.79184,0.79184,0.88414,False,True,True,True,True,True,False,True,False,True,True,True,808.61066,279.91959,0,0.88116,0.78996,0.86605,0.59223,1.1701,True,False,,,,,,,,,,,0.92246,-1.83817,-55.5623,-1823.96082,-1.83817,False,9,True,True,True,True,True,True,True,True,True,True,62.0,375.0,195.0,42.0,0.5,339.0,375.0,1,1.0,MTYDISSAEAAKAVLGPLAAIAVAEAGEGPVPEALRQAAVDALRALLAAHPELRDVDLTDVMKAIGLSTDVPTLRALLEAVENNEFENVAALVAALVALLVTARQLYAPDSPAAKAAEAAANAALAQLPGLKNVKIKIT
task-26768452-18_spec_135,2,SGREAVERLLRAEVDEELDAQVLEALDAGNLTGEIKPLPDGGFEITFTDKTTGLVLKLKIYPDGSLELSEEALKLSLETLLRLLEYALEQNKKYLDPNDPTGQRVISLIERVIEILREVMAAA,SGREAVERLLRAEVDEELDAQVLEALDAGNLTGEIKPLPDGGFEITFTDKTTGLVLKLKIYPDGSLELSEEALKLSLETLLRLLEYALEQNKKYLDPNDPTGQRVISLIERVIEILREVMAAA,123,0.46288,0.8192,1.43925,0.79178,0.9506,1.71675,5,517.39941,1278.29126,60.0991,60.0991,0.25203,0.55285,0.19512,task-26768452-18_spec_135.cif,123,37,160.0,160.0,0.0,0.06504,0.0813,0.0,0.04065,0.04065,0.05691,0.05691,0.05691,0.02439,0.06504,0.18699,0.00813,0.02439,0.13821,0.05691,0.0,0.01626,0.05691,0.02439,0.0,190,20,18,2,0,0,0,0,-1,0,0,,40-99,4,,10.0,-1,0,0,,3-117,14,,10.0,-1,0,0,,,0,,0.0,0,-1,0,0,,,0,,0.0,0,120,1,5,,,0,,0.0,0,-1,0,0,,,0,,0.0,0,-1,0,0,,,0,,0.0,0,54,3,5,,,0,,0.0,"AspCleavex4(pos40-99,sev10); ProtTrypx14(pos3-117,sev10); MetOx(pos120,sev5); HydroPatch(pos54,sev5)",0.0,0.0,0.0,0.0,1.71675,1.71675,,,,True,False,True,True,0.0,0.0,100000.25,100000.25,0.0,0.71112,0.0,0.0,0.0,0.0,0.0,0.71112,False,False,False,False,False,False,False,False,False,False,False,False,0.9506,0.9506,,,,True,False,True,True,0.8192,9.33265,1.43925,0.8192,0.79184,0.0,0.8192,0.8192,0.86512,True,True,True,True,True,True,False,True,True,True,True,True,728.15912,210.75969,0,1.27712,0.68446,0.90604,0.35554,2.19871,False,False,,,,,,,,,,,0.9506,-1.43925,-60.0991,-1278.29126,-1.43925,False,9,True,True,True,True,True,True,True,True,True,True,18.0,249.0,46.0,234.0,0.5,422.5,422.5,2,0.999949997499875,SGREAVERLLRAEVDEELDAQVLEALDAGNLTGEIKPLPDGGFEITFTDKTTGLVLKLKIYPDGSLELSEEALKLSLETLLRLLEYALEQNKKYLDPNDPTGQRVISLIERVIEILREVMAAA
task-26768452-7_spec_151,3,SLLQELVERLKEIAETVIASGDDLTEARKKLIAAIEYLEAQGLLTPEKLAKVVEKPLDAAEVKAGIEAGDVGALVQGLCLLLAAIAVLADEQGLPEVVAVAREALKKVGEAYEKKSGVEAAKEAAKIALEAAEKILALL,SLLQELVERLKEIAETVIASGDDLTEARKKLIAAIEYLEAQGLLTPEKLAKVVEKPLDAAEVKAGIEAGDVGALVQGLCLLLAAIAVLADEQGLPEVVAVAREALKKVGEAYEKKSGVEAAKEAAKIALEAAEKILALL,139,0.15965,0.82416,1.50154,0.8127,0.80326,0.6015,4,599.75018,1338.42261,56.6648,56.6648,0.20144,0.79856,0.0,task-26768452-7_spec_151.cif,139,37,176.0,176.0,0.0,0.06475,0.20144,0.00719,0.02158,0.02158,0.02158,0.09353,0.05755,0.0,0.03597,0.16547,0.0,0.02878,0.14388,0.10072,0.0,0.0,0.02158,0.01439,0.0,185,19,18,1,0,0,0,0,-1,0,0,,,0,,0.0,-1,0,0,,9-134,17,,10.0,-1,0,0,,,0,,0.0,0,-1,0,0,,,0,,0.0,0,-1,0,0,,,0,,0.0,0,-1,0,0,,,0,,0.0,0,-1,0,0,,,0,,0.0,0,80,3,5,,,0,,0.0,"ProtTrypx17(pos9-134,sev10); HydroPatch(pos80,sev5); UnpairedCys(pos79,sev10)",0.0,0.0,0.0,0.0,0.6015,0.6015,,,,True,False,True,True,0.0,0.0,100000.25,100000.25,0.0,0.83528,0.0,0.0,0.0,0.0,0.0,0.83528,False,False,False,False,False,False,True,True,False,False,False,False,0.80326,0.80326,,,,True,False,True,True,0.82416,8.12798,1.50154,0.82416,0.80466,0.0,0.82416,0.82416,0.90399,False,True,True,True,True,True,True,True,True,True,True,True,773.9884,174.23822,0,1.59037,0.52266,0.88567,0.98595,2.1948,False,False,1.0,79.0,1.0,10.0,,,,,,,0.80326,-1.50154,-56.6648,-1338.42261,-1.50154,False,9,True,True,True,True,True,True,True,True,True,True,12.0,80.0,57.0,504.0,0.5,100.5,504.0,3,0.99989999499975,SLLQELVERLKEIAETVIASGDDLTEARKKLIAAIEYLEAQGLLTPEKLAKVVEKPLDAAEVKAGIEAGDVGALVQGLCLLLAAIAVLADEQGLPEVVAVAREALKKVGEAYEKKSGVEAAKEAAKIALEAAEKILALL
task-26768452-3_spec_892,4,SEEELKALGAYYGKISRKEAERILLESGLPDGGFLVRESEVVPGGYVLSVLYDGKVYHFYVRKLPDGTFEGPDGAVFPDLLSLVEYCKKNGITDPETGKKITLKTAAPPPA,SEEELKALGAYYGKISRKEAERILLESGLPDGGFLVRESEVVPGGYVLSVLYDGKVYHFYVRKLPDGTFEGPDGAVFPDLLSLVEYCKKNGITDPETGKKITLKTAAPPPA,111,0.58806,0.76042,2.09353,0.79231,0.91358,0.96465,4,562.87781,794.43542,52.4604,52.4604,0.46847,0.24324,0.28829,task-26768452-3_spec_892.cif,111,37,148.0,148.0,0.0,0.11712,0.06306,0.00901,0.05405,0.08108,0.04505,0.08108,0.03604,0.00901,0.05405,0.11712,0.0,0.0,0.0991,0.09009,0.00901,0.03604,0.03604,0.06306,0.0,235,26,21,5,0,0,0,0,-1,0,0,,31-94,5,,10.0,-1,0,0,,6-104,14,,10.0,90,2,10,,,0,,0.0,0,-1,0,0,,,0,,0.0,0,-1,0,0,,,0,,0.0,0,-1,0,0,,,0,,0.0,0,-1,0,0,,,0,,0.0,0,-1,0,0,,23-59,5,,5.0,"AspBridge(pos90,sev10); AspCleavex5(pos31-94,sev10); ProtTrypx14(pos6-104,sev10); HydroPatchx5(pos23-59,sev5); UnpairedCys(pos87,sev10)",0.0,0.0,0.0,0.0,0.96465,0.96465,,,,True,False,True,True,0.0,0.0,100000.25,100000.25,0.0,0.70893,0.0,0.0,0.0,0.0,0.0,0.70893,False,False,False,False,False,False,False,False,False,False,False,False,0.91358,0.91358,,,,True,False,True,True,0.76042,10.50423,2.09353,0.76042,0.78039,0.0,0.76042,0.76042,0.89574,False,False,True,True,True,True,False,True,False,True,True,True,768.57489,205.69705,0,1.16921,0.70178,0.81551,0.13515,2.20328,True,False,1.0,87.0,1.0,10.0,,,,,,,0.91358,-2.09353,-52.4604,-794.43542,-2.09353,False,9,True,True,True,True,True,True,True,True,True,True,196.0,244.0,392.0,504.0,0.5,190.0,504.0,3,0.999849992499625,SEEELKALGAYYGKISRKEAERILLESGLPDGGFLVRESEVVPGGYVLSVLYDGKVYHFYVRKLPDGTFEGPDGAVFPDLLSLVEYCKKNGITDPETGKKITLKTAAPPPA
task-26768452-4_spec_171,5,GAAELVARALARLQELGRKIHPEDITEVAKKHSPAELRALAEEVAAKLPPEYQALVRELLELADKLEAAGLTELARALYYLAAVCAKTLLENPEDSEKAKLAKEALREAIELAKEVVAAL,GAAELVARALARLQELGRKIHPEDITEVAKKHSPAELRALAEEVAAKLPPEYQALVRELLELADKLEAAGLTELARALYYLAAVCAKTLLENPEDSEKAKLAKEALREAIELAKEVVAAL,120,0.09423,0.75842,2.21497,0.78606,1.46622,0.75054,4,601.11542,1746.84351,52.6298,52.6298,0.175,0.825,0.0,task-26768452-4_spec_171.cif,120,37,157.0,157.0,0.0,0.025,0.225,0.00833,0.01667,0.04167,0.025,0.05833,0.025,0.00833,0.025,0.18333,0.0,0.01667,0.15833,0.08333,0.01667,0.0,0.05833,0.025,0.0,195,20,19,1,0,0,0,0,95,2,10,,,0,,0.0,-1,0,0,,8-114,17,,10.0,-1,0,0,,,0,,0.0,0,-1,0,0,,,0,,0.0,0,-1,0,0,,,0,,0.0,0,-1,0,0,,,0,,0.0,0,-1,0,0,,,0,,0.0,0,78,4,5,,,0,,0.0,"AspCleave(pos95,sev10); ProtTrypx17(pos8-114,sev10); HydroPatch(pos78,sev5); UnpairedCys(pos85,sev10)",0.0,0.0,0.0,0.0,0.75054,0.75054,,,,True,False,True,True,0.0,0.0,100000.25,100000.25,0.0,0.79886,0.0,0.0,0.0,0.0,0.0,0.79886,False,False,False,False,False,False,False,True,False,False,False,False,1.46622,1.46622,,,,True,False,True,True,0.75842,9.22073,2.21497,0.75842,0.77652,0.0,0.75842,0.75842,0.90437,False,False,True,True,True,True,False,True,False,True,True,True,710.17792,109.06248,0,1.4528,0.33604,0.57784,0.82588,2.07972,False,False,1.0,85.0,1.0,10.0,,,,,,,1.46622,-2.21497,-52.6298,-1746.84351,-2.21497,False,9,True,True,True,True,True,True,True,True,True,True,216.0,355.0,504.0,504.0,0.5,96.5,504.0,3,0.9997999899994999,GAAELVARALARLQELGRKIHPEDITEVAKKHSPAELRALAEEVAAKLPPEYQALVRELLELADKLEAAGLTELARALYYLAAVCAKTLLENPEDSEKAKLAKEALREAIELAKEVVAAL
task-26768452-3_spec_632,6,SLEEEAKELGVYGGKISREEAEKLLLSTGIDGAFLVRESELVKGGYTLSVLYNGKVYHELIKREIVDGKEVYVSSDGTTFPSLKALIEHYHENGLLLSDGVKVFLKHGVKVEP,SLEEEAKELGVYGGKISREEAEKLLLSTGIDGAFLVRESELVKGGYTLSVLYNGKVYHELIKREIVDGKEVYVSSDGTTFPSLKALIEHYHENGLLLSDGVKVFLKHGVKVEP,113,0.56073,0.75821,1.74618,0.78498,2.28794,1.61132,7,505.84906,333.22162,53.9981,53.9981,0.38053,0.26549,0.35398,task-26768452-3_spec_632.cif,113,37,150.0,150.0,0.0,0.11504,0.0354,0.0,0.07965,0.0177,0.0354,0.10619,0.04425,0.0177,0.0354,0.14159,0.0,0.0,0.13274,0.09735,0.0354,0.02655,0.02655,0.0531,0.0,230,26,20,6,0,0,0,0,-1,0,0,,31-99,4,,10.0,-1,0,0,,7-110,14,,10.0,-1,0,0,,53-93,2,,10.0,0,-1,0,0,,,0,,0.0,0,-1,0,0,,,0,,0.0,0,-1,0,0,,,0,,0.0,0,-1,0,0,,,0,,0.0,0,-1,0,0,,24-103,6,,5.0,"AspBridgex2(pos53-93,sev10); AspCleavex4(pos31-99,sev10); ProtTrypx14(pos7-110,sev10); HydroPatchx6(pos24-103,sev5)",0.0,0.0,0.0,0.0,1.61132,1.61132,,,,True,False,True,True,0.0,0.0,100000.25,100000.25,0.0,0.7531,0.0,0.0,0.0,0.0,0.0,0.7531,False,False,False,False,False,False,False,True,False,False,False,False,2.28794,2.28794,,,,True,False,False,True,0.75821,10.20346,1.74618,0.75821,0.7722,0.0,0.75821,0.75821,0.83962,False,True,True,True,True,True,False,True,False,True,True,True,808.41064,302.56158,0,0.60532,0.75912,0.9575,-0.28314,1.49379,True,False,,,,,,,,,,,2.28794,-1.74618,-53.9981,-333.22162,-1.74618,False,9,True,True,True,True,True,True,True,True,True,True,219.0,367.0,144.0,42.0,0.5,517.0,517.0,4,0.9997499874993749,SLEEEAKELGVYGGKISREEAEKLLLSTGIDGAFLVRESELVKGGYTLSVLYNGKVYHELIKREIVDGKEVYVSSDGTTFPSLKALIEHYHENGLLLSDGVKVFLKHGVKVEP
task-26768452-20_spec_068,7,SEAEALWQEARSTPAVDVLVELLQDPKARALIDHVLSQTLTVTPLDDNVVEITFTTPDGTVVKITVDFKTKTVEFHNPESLDELEKRLAALIAKILYDLKLDPSTLTGEEMAAKLQAALRALRAEAEARL,SEAEALWQEARSTPAVDVLVELLQDPKARALIDHVLSQTLTVTPLDDNVVEITFTTPDGTVVKITVDFKTKTVEFHNPESLDELEKRLAALIAKILYDLKLDPSTLTGEEMAAKLQAALRALRAEAEARL,130,0.38519,0.77385,1.8668,0.81463,0.94152,0.92093,7,500.35733,1259.96936,57.5583,57.5583,0.26154,0.56923,0.16923,task-26768452-20_spec_068.cif,130,37,167.0,167.0,0.0,0.01538,0.13077,0.0,0.03846,0.04615,0.1,0.08462,0.03846,0.01538,0.07692,0.15385,0.00769,0.03077,0.1,0.06154,0.01538,0.02308,0.04615,0.00769,0.00769,195,21,18,3,0,0,0,0,-1,0,0,,25-102,3,,10.0,-1,0,0,,11-129,14,,10.0,-1,0,0,,,0,,0.0,0,-1,0,0,,,0,,0.0,0,111,1,5,,,0,,0.0,0,7,1,10,,,0,,0.0,0,-1,0,0,,,0,,0.0,0,-1,0,0,,18-95,2,,5.0,"AspCleavex3(pos25-102,sev10); ProtTrypx14(pos11-129,sev10); MetOx(pos111,sev5); TrpOx(pos7,sev10); HydroPatchx2(pos18-95,sev5)",0.0,0.0,0.0,0.0,0.92093,0.92093,,,,True,False,True,True,0.0,0.0,100000.25,100000.25,0.0,0.86648,0.0,0.0,0.0,0.0,0.0,0.86648,False,False,False,False,False,False,True,True,False,False,False,False,0.94152,0.94152,,,,True,False,True,True,0.77385,10.13641,1.8668,0.77385,0.79458,0.0,0.77385,0.77385,0.82725,False,True,True,True,True,True,True,True,False,True,True,True,820.11206,319.75473,0,1.46024,0.4727,0.56021,0.86067,2.05981,False,False,,,,,,,,,,,0.94152,-1.8668,-57.5583,-1259.96936,-1.8668,False,9,True,True,True,True,True,True,True,True,True,True,127.0,65.0,218.0,42.0,0.5,577.5,577.5,5,0.99969998499925,SEAEALWQEARSTPAVDVLVELLQDPKARALIDHVLSQTLTVTPLDDNVVEITFTTPDGTVVKITVDFKTKTVEFHNPESLDELEKRLAALIAKILYDLKLDPSTLTGEEMAAKLQAALRALRAEAEARL
task-26768452-5_spec_635,8,SAPAWYFGDISREEAERLLRRPENPLGSFLVRKSPTHPGDYTLSIRGPEDWGENGVFHIKIKKVNGKYSITPDVKFDSLEELVNYLRTHHVPGLPVVLGEPAVR,SAPAWYFGDISREEAERLLRRPENPLGSFLVRKSPTHPGDYTLSIRGPEDWGENGVFHIKIKKVNGKYSITPDVKFDSLEELVNYLRTHHVPGLPVVLGEPAVR,104,0.60289,0.74984,2.34576,0.77922,1.32584,1.39115,4,497.02658,780.02673,52.4908,52.4908,0.55769,0.16346,0.27885,task-26768452-5_spec_635.cif,104,37,141.0,141.0,0.0,0.08654,0.03846,0.0,0.06731,0.09615,0.03846,0.08654,0.04808,0.03846,0.04808,0.09615,0.0,0.0,0.08654,0.05769,0.03846,0.03846,0.07692,0.03846,0.01923,195,21,18,3,0,0,0,0,77,2,10,,,0,,0.0,-1,0,0,,12-87,13,,10.0,-1,0,0,,54-65,2,,10.0,0,-1,0,0,,,0,,0.0,0,-1,0,0,,,0,,0.0,0,-1,0,0,,5-51,2,,10.0,0,-1,0,0,,,0,,0.0,0,-1,0,0,,5-96,3,,5.0,"AspBridgex2(pos54-65,sev10); AspCleave(pos77,sev10); ProtTrypx13(pos12-87,sev10); TrpOxx2(pos5-51,sev10); HydroPatchx3(pos5-96,sev5)",0.0,0.0,0.0,0.0,1.39115,1.39115,,,,True,False,True,True,0.0,0.0,100000.25,100000.25,0.0,0.72799,0.0,0.0,0.0,0.0,0.0,0.72799,False,False,False,False,False,False,False,False,False,False,False,False,1.32584,1.32584,,,,True,False,True,True,0.74984,10.22088,2.34576,0.74984,0.76978,0.0,0.74984,0.74984,0.85075,False,False,True,True,True,True,False,True,False,True,True,True,794.41089,297.38431,0,0.6683,0.78615,0.96941,-0.52106,1.85765,True,False,,,,,,,,,,,1.32584,-2.34576,-52.4908,-780.02673,-2.34576,False,9,True,True,True,True,True,True,True,True,True,True,267.0,508.0,672.0,504.0,0.5,614.5,672.0,6,0.999649982499125,SAPAWYFGDISREEAERLLRRPENPLGSFLVRKSPTHPGDYTLSIRGPEDWGENGVFHIKIKKVNGKYSITPDVKFDSLEELVNYLRTHHVPGLPVVLGEPAVR
task-26768452-16_spec_431,9,AVRTRSFEFDANTTSAEELAERMAAALRAAGVTEAKTGTVITVSVNGKEIFKIEVKGDEVVIKNTVTGEEITVKLEPGETPVDYARTIACAIQSALSGEKITPNNEVHKKIIEMAKKSLAKLGLPKGGKYTVTLTVETG,AVRTRSFEFDANTTSAEELAERMAAALRAAGVTEAKTGTVITVSVNGKEIFKIEVKGDEVVIKNTVTGEEITVKLEPGETPVDYARTIACAIQSALSGEKITPNNEVHKKIIEMAKKSLAKLGLPKGGKYTVTLTVETG,139,0.23467,0.79714,2.39952,0.80225,0.79306,0.7531,5,511.11041,671.47003,44.8448,44.8448,0.34532,0.34532,0.30935,task-26768452-16_spec_431.cif,139,37,176.0,176.0,0.0,0.07914,0.11511,0.00719,0.04317,0.02878,0.1223,0.10072,0.07194,0.03597,0.02158,0.05755,0.01439,0.00719,0.11511,0.10072,0.00719,0.02158,0.03597,0.01439,0.0,230,25,21,4,0,0,0,0,-1,0,0,,,0,,0.0,-1,0,0,,3-129,19,,10.0,46,2,10,,,0,,0.0,0,1,1,5,,,0,,0.0,0,-1,0,0,,23-114,2,,5.0,0,-1,0,0,,,0,,0.0,0,-1,0,0,,,0,,0.0,0,60,3,5,,,0,,0.0,"AspBridge(pos46,sev10); ProtTrypx19(pos3-129,sev10); DPP4(pos1,sev5); MetOxx2(pos23-114,sev5); HydroPatch(pos60,sev5); UnpairedCys(pos90,sev10)",0.0,0.0,0.0,0.0,0.7531,0.7531,,,,True,False,True,True,0.0,0.0,100000.25,100000.25,0.0,0.80322,0.0,0.0,0.0,0.0,0.0,0.80322,False,False,False,False,False,False,True,True,False,False,False,False,0.79306,0.79306,,,,True,False,True,True,0.79714,9.95887,2.39952,0.79714,0.7921,0.0,0.79714,0.79714,0.8433,False,False,True,True,True,True,True,True,False,True,True,True,744.73639,233.62598,0,1.63055,0.2542,0.27372,0.87596,2.38514,False,False,1.0,90.0,1.0,10.0,,,,,,,0.79306,-2.39952,-44.8448,-671.47003,-2.39952,False,9,True,True,True,True,True,True,True,True,True,True,51.0,143.0,741.0,234.0,0.5,476.5,741.0,7,0.999599979999,AVRTRSFEFDANTTSAEELAERMAAALRAAGVTEAKTGTVITVSVNGKEIFKIEVKGDEVVIKNTVTGEEITVKLEPGETPVDYARTIACAIQSALSGEKITPNNEVHKKIIEMAKKSLAKLGLPKGGKYTVTLTVETG
task-26768452-12_spec_749,10,SPPEWYAGDISREEAKKVLLEHSKGPGSFLVRKSEEVEGDYELSYKAADGEVRHYRIKKVDGKYVVEDSDGTVLLSGCDSLEEAVAALREHGAAHPELFGCPLKYPIPRSLF,SPPEWYAGDISREEAKKVLLEHSKGPGSFLVRKSEEVEGDYELSYKAADGEVRHYRIKKVDGKYVVEDSDGTVLLSGCDSLEEAVAALREHGAAHPELFGCPLKYPIPRSLF,112,0.37163,0.74963,2.16209,0.78621,1.37324,0.86074,4,486.0459,847.67035,47.0925,47.0925,0.41964,0.28571,0.29464,task-26768452-12_spec_749.cif,112,37,149.0,149.0,0.0,0.08929,0.08036,0.01786,0.08929,0.0625,0.00893,0.08036,0.02679,0.0,0.0625,0.09821,0.0,0.0,0.125,0.08036,0.03571,0.02679,0.05357,0.05357,0.00893,230,25,21,4,0,0,0,0,-1,0,0,,49-79,5,,10.0,-1,0,0,,12-109,15,,10.0,-1,0,0,,,0,,0.0,0,-1,0,0,,,0,,0.0,0,-1,0,0,,,0,,0.0,0,5,1,10,,,0,,0.0,0,-1,0,0,,,0,,0.0,0,-1,0,0,,18-73,4,,5.0,"AspCleavex5(pos49-79,sev10); ProtTrypx15(pos12-109,sev10); TrpOx(pos5,sev10); HydroPatchx4(pos18-73,sev5)",0.0,0.0,0.0,0.0,0.86074,0.86074,,,,True,False,True,True,0.0,0.0,100000.25,100000.25,0.0,0.77313,0.0,0.0,0.0,0.0,0.0,0.77313,False,False,False,False,False,False,False,True,False,False,False,False,1.37324,1.37324,,,,True,False,True,True,0.74963,10.20972,2.16209,0.74963,0.77023,0.0,0.74963,0.74963,0.87351,False,False,True,True,True,True,False,True,False,True,True,True,760.00824,273.96234,0,0.45982,0.38568,0.39972,-0.40887,1.3285,False,False,,,,,,,,,,,1.37324,-2.16209,-47.0925,-847.67035,-2.16209,False,9,True,True,True,True,True,True,True,True,True,True,269.0,350.0,456.0,504.0,0.5,758.5,758.5,8,0.999549977498875,SPPEWYAGDISREEAKKVLLEHSKGPGSFLVRKSEEVEGDYELSYKAADGEVRHYRIKKVDGKYVVEDSDGTVLLSGCDSLEEAVAALREHGAAHPELFGCPLKYPIPRSLF
task-26768452-9_spec_299,11,MKFTITGVEVLLEGKGRAAEFLKVAKEVVESFIGKPVTLLELAEAIARALGLGKPKTSPDGKIVGAGSRSKGLVVCVLSKDGKSILVICAPGDKGEEVNKEVAEKGPLTEEEALELAREFDGGLLKVDIE,MKFTITGVEVLLEGKGRAAEFLKVAKEVVESFIGKPVTLLELAEAIARALGLGKPKTSPDGKIVGAGSRSKGLVVCVLSKDGKSILVICAPGDKGEEVNKEVAEKGPLTEEEALELAREFDGGLLKVDIE,130,0.12785,0.73828,2.4199,0.7933,0.59785,0.61223,6,568.91492,809.59717,53.0173,53.0173,0.28462,0.4,0.31538,task-26768452-9_spec_299.cif,130,37,167.0,167.0,0.0,0.12308,0.09231,0.01538,0.04615,0.03846,0.03846,0.10769,0.05385,0.00769,0.03846,0.12308,0.00769,0.0,0.13077,0.11538,0.0,0.03077,0.03077,0.0,0.0,240,26,22,4,0,0,0,0,-1,0,0,,60-121,3,,10.0,-1,0,0,,2-126,19,,10.0,-1,0,0,,,0,,0.0,0,-1,0,0,,,0,,0.0,0,1,1,5,,,0,,0.0,0,-1,0,0,,,0,,0.0,0,-1,0,0,,,0,,0.0,0,-1,0,0,,10-85,3,,5.0,"AspCleavex3(pos60-121,sev10); ProtTrypx19(pos2-126,sev10); MetOx(pos1,sev5); HydroPatchx3(pos10-85,sev5)",0.0,0.0,0.0,0.0,0.61223,0.61223,,,,True,False,True,True,0.0,0.0,100000.25,100000.25,0.0,0.80665,0.0,0.0,0.0,0.0,0.0,0.80665,False,False,False,False,False,False,True,True,False,False,False,False,0.59785,0.59785,,,,True,False,True,True,0.73828,9.62385,2.4199,0.73828,0.77595,0.0,0.73828,0.73828,0.83893,False,False,True,True,True,True,False,True,False,True,True,True,782.3736,213.45865,0,1.58027,0.27947,0.43109,1.3064,1.85414,False,False,,,,,,,,,,,0.59785,-2.4199,-53.0173,-809.59717,-2.4199,False,9,True,True,True,True,True,True,True,True,True,True,347.0,233.0,770.0,110.0,0.5,168.0,770.0,9,0.99949997499875,MKFTITGVEVLLEGKGRAAEFLKVAKEVVESFIGKPVTLLELAEAIARALGLGKPKTSPDGKIVGAGSRSKGLVVCVLSKDGKSILVICAPGDKGEEVNKEVAEKGPLTEEEALELAREFDGGLLKVDIE
task-26768452-20_spec_599,12,AAPAWWHGDISLEEAERLLLDPECPVGCFLVRRSPENPNDYTLSVRAFDPEKGLTVEHYRIRKAADGKYYITPDITFDSLEELVAYYRKHAGPLPVKLKTACPR,AAPAWWHGDISLEEAERLLLDPECPVGCFLVRRSPENPNDYTLSVRAFDPEKGLTVEHYRIRKAADGKYYITPDITFDSLEELVAYYRKHAGPLPVKLKTACPR,104,0.66918,0.75015,1.49328,0.78365,0.99376,1.19611,9,483.19455,859.76599,52.2962,52.2962,0.48077,0.17308,0.34615,task-26768452-20_spec_599.cif,104,37,141.0,141.0,0.0,0.04808,0.09615,0.02885,0.03846,0.09615,0.04808,0.05769,0.03846,0.01923,0.06731,0.10577,0.0,0.0,0.08654,0.05769,0.02885,0.02885,0.07692,0.05769,0.01923,240,26,22,4,0,0,0,0,-1,0,0,,21-78,4,,10.0,-1,0,0,,17-99,13,,10.0,-1,0,0,,,0,,0.0,0,1,1,5,,,0,,0.0,0,-1,0,0,,,0,,0.0,0,-1,0,0,,5-6,2,,10.0,0,-1,0,0,,,0,,0.0,0,-1,0,0,,18-69,3,,5.0,"AspCleavex4(pos21-78,sev10); ProtTrypx13(pos17-99,sev10); DPP4(pos1,sev5); TrpOxx2(pos5-6,sev10); HydroPatchx3(pos18-69,sev5); UnpairedCysx3(pos24-102,sev10)",0.0,0.0,0.0,0.0,1.19611,1.19611,,,,True,False,True,True,0.0,0.0,100000.25,100000.25,0.0,0.50734,0.0,0.0,0.0,0.0,0.0,0.50734,False,False,False,False,False,False,False,False,False,False,False,False,0.99376,0.99376,,,,True,False,True,True,0.75015,10.32944,1.49328,0.75015,0.76499,0.0,0.75015,0.75015,0.85749,True,True,True,True,True,True,False,True,False,True,True,True,799.48694,316.29239,0,0.46614,0.81752,0.96586,-0.58436,1.51665,True,False,3.0,,,,,24-102,3.0,,10.0,,0.99376,-1.49328,-52.2962,-859.76599,-1.49328,False,9,True,True,True,True,True,True,True,True,True,True,262.0,396.0,54.0,5.5,0.5,793.5,793.5,10,0.9994499724986249,AAPAWWHGDISLEEAERLLLDPECPVGCFLVRRSPENPNDYTLSVRAFDPEKGLTVEHYRIRKAADGKYYITPDITFDSLEELVAYYRKHAGPLPVKLKTACPR
task-26768452-14_spec_283,13,SAEELQRLVDVVIAEAAKILPPSVDLEALRRAILEVLTEAGLTPKQEISKAEAQELVARVAERLGLATAEEARAIVAATVSGETTNAAQTVALACTVVYAKANGLAPDSEEVKRVADRLGKIGNEAEKKL,SAEELQRLVDVVIAEAAKILPPSVDLEALRRAILEVLTEAGLTPKQEISKAEAQELVARVAERLGLATAEEARAIVAATVSGETTNAAQTVALACTVVYAKANGLAPDSEEVKRVADRLGKIGNEAEKKL,130,0.27087,0.73512,2.45722,0.82306,0.79617,0.75103,4,483.91885,1027.04626,47.6753,47.6753,0.25385,0.7,0.04615,task-26768452-14_spec_283.cif,130,37,167.0,167.0,0.0,0.04615,0.2,0.00769,0.03846,0.03077,0.06154,0.10769,0.04615,0.02308,0.03077,0.11538,0.0,0.03077,0.13077,0.06154,0.0,0.0,0.06154,0.00769,0.0,210,22,20,2,0,0,0,0,108,2,10,,,0,,0.0,-1,0,0,,7-129,16,,10.0,-1,0,0,,86-103,2,,10.0,0,-1,0,0,,,0,,0.0,0,-1,0,0,,,0,,0.0,0,-1,0,0,,,0,,0.0,0,-1,0,0,,,0,,0.0,0,-1,0,0,,11-97,2,,5.0,"AspBridgex2(pos86-103,sev10); AspCleave(pos108,sev10); ProtTrypx16(pos7-129,sev10); HydroPatchx2(pos11-97,sev5); UnpairedCys(pos95,sev10)",0.0,0.0,0.0,0.0,0.75103,0.75103,,,,True,False,True,True,0.0,0.0,100000.25,100000.25,0.0,0.8397,0.0,0.0,0.0,0.0,0.0,0.8397,False,False,False,False,False,False,True,True,False,False,False,False,0.79617,0.79617,,,,True,False,True,True,0.73512,9.67438,2.45722,0.73512,0.79888,0.0,0.73512,0.73512,0.86809,False,False,True,True,True,True,True,True,False,True,True,True,764.3725,280.45364,0,1.45297,0.37012,0.46937,0.81748,2.08845,False,False,1.0,95.0,1.0,10.0,,,,,,,0.79617,-2.45722,-47.6753,-1027.04626,-2.45722,False,9,True,True,True,True,True,True,True,True,True,True,376.0,39.0,824.0,504.0,0.5,785.5,824.0,11,0.9993999699984999,SAEELQRLVDVVIAEAAKILPPSVDLEALRRAILEVLTEAGLTPKQEISKAEAQELVARVAERLGLATAEEARAIVAATVSGETTNAAQTVALACTVVYAKANGLAPDSEEVKRVADRLGKIGNEAEKKL
task-26768452-14_spec_846,14,GKPPWFHGRISREEAERILTEGDCPPGSFLVRESEEEPGSYILSVRCSDGSIKHVRIEKKDGKFVAYLGDTVVGEADSLEELVEYFRENGVGPSGTKVTTPVPASLF,GKPPWFHGRISREEAERILTEGDCPPGSFLVRESEEEPGSYILSVRCSDGSIKHVRIEKKDGKFVAYLGDTVVGEADSLEELVEYFRENGVGPSGTKVTTPVPASLF,107,0.70059,0.72037,2.08851,0.77018,0.96756,1.14885,6,533.83923,529.96576,47.8491,47.8491,0.43925,0.2243,0.33645,task-26768452-14_spec_846.cif,107,37,144.0,144.0,0.0,0.11215,0.03738,0.01869,0.09346,0.07477,0.04673,0.09346,0.04673,0.00935,0.04673,0.06542,0.0,0.0,0.13084,0.05607,0.01869,0.04673,0.06542,0.02804,0.00935,190,20,18,2,0,0,0,0,-1,0,0,,49-77,3,,10.0,-1,0,0,,2-97,13,,10.0,89,2,10,,,0,,0.0,0,-1,0,0,,,0,,0.0,0,-1,0,0,,,0,,0.0,0,5,1,10,,,0,,0.0,0,-1,0,0,,,0,,0.0,0,-1,0,0,,29-41,2,,5.0,"AspBridge(pos89,sev10); AspCleavex3(pos49-77,sev10); ProtTrypx13(pos2-97,sev10); TrpOx(pos5,sev10); HydroPatchx2(pos29-41,sev5)",0.0,0.0,0.0,0.0,1.14885,1.14885,,,,True,False,True,True,0.0,0.0,100000.25,100000.25,0.0,0.74587,0.0,0.0,0.0,0.0,0.0,0.74587,False,False,False,False,False,False,False,False,False,False,False,False,0.96756,0.96756,,,,True,False,True,True,0.72037,10.46508,2.08851,0.72037,0.75711,0.0,0.72037,0.72037,0.82198,False,False,True,True,True,True,False,True,False,True,True,True,778.58649,244.74727,0,1.07392,0.70625,0.71191,0.67548,1.47235,True,False,,,,,,,,,,,0.96756,-2.08851,-47.8491,-529.96576,-2.08851,False,9,True,True,True,True,True,True,True,True,True,True,506.0,853.0,387.0,110.0,0.5,306.5,853.0,12,0.9993499674983749,GKPPWFHGRISREEAERILTEGDCPPGSFLVRESEEEPGSYILSVRCSDGSIKHVRIEKKDGKFVAYLGDTVVGEADSLEELVEYFRENGVGPSGTKVTTPVPASLF
task-26768452-13_spec_293,15,SEALALLREALPLLRRLYEALKAKKLDEVKAVATRIIEEFGDRILELARQSSDPTVRELADLVEKLLAGEPVDLDRVKKLVDEVLATGDPVGILLSALLAAIIALQATENSGEIAEKLYEIALEILEKVIAAAERLLA,SEALALLREALPLLRRLYEALKAKKLDEVKAVATRIIEEFGDRILELARQSSDPTVRELADLVEKLLAGEPVDLDRVKKLVDEVLATGDPVGILLSALLAAIIALQATENSGEIAEKLYEIALEILEKVIAAAERLLA,138,0.23209,0.75822,2.22177,0.8201,0.69606,0.73432,4,475.94189,1290.23389,64.2311,64.2311,0.14493,0.85507,0.0,task-26768452-13_spec_293.cif,138,37,175.0,175.0,0.0,0.03623,0.15942,0.0,0.03623,0.02899,0.02899,0.07246,0.07246,0.00725,0.05797,0.2029,0.0,0.01449,0.13043,0.06522,0.0,0.00725,0.06522,0.01449,0.0,215,22,21,1,0,0,0,0,-1,0,0,,53-89,2,,10.0,-1,0,0,,8-135,18,,10.0,110,2,10,,,0,,0.0,0,-1,0,0,,,0,,0.0,0,-1,0,0,,,0,,0.0,0,-1,0,0,,,0,,0.0,0,-1,0,0,,,0,,0.0,0,93,3,5,,,0,,0.0,"AspBridge(pos110,sev10); AspCleavex2(pos53-89,sev10); ProtTrypx18(pos8-135,sev10); HydroPatch(pos93,sev5)",0.0,0.0,0.0,0.0,0.73432,0.73432,,,,True,False,True,True,0.0,0.0,100000.25,100000.25,0.0,0.89196,0.0,0.0,0.0,0.0,0.0,0.89196,False,False,False,False,False,False,True,True,False,False,False,False,0.69606,0.69606,,,,True,False,True,True,0.75822,10.05138,2.22177,0.75822,0.7984,0.0,0.75822,0.75822,0.8646,False,False,True,True,True,True,True,True,False,True,True,True,776.40656,300.46466,0,1.66978,0.31237,0.39265,1.50719,1.83237,False,False,,,,,,,,,,,0.69606,-2.22177,-64.2311,-1290.23389,-2.22177,False,9,True,True,True,True,True,True,True,True,True,True,218.0,47.0,517.0,504.0,0.5,906.5,906.5,13,0.9992999649982499,SEALALLREALPLLRRLYEALKAKKLDEVKAVATRIIEEFGDRILELARQSSDPTVRELADLVEKLLAGEPVDLDRVKKLVDEVLATGDPVGILLSALLAAIIALQATENSGEIAEKLYEIALEILEKVIAAAERLLA
task-26768452-20_spec_024,16,SELWEQVRELLEKYYSGEISGSELNDQVKKLIGPLPKAAVVRVGDSVLVLYPDGSVYLSDELANNLDPEKLAELLVQVHLETGEPIEKIAARIAAGLAAACDPSKYSAEEIFDVVREALRLAYERLGIEL,SELWEQVRELLEKYYSGEISGSELNDQVKKLIGPLPKAAVVRVGDSVLVLYPDGSVYLSDELANNLDPEKLAELLVQVHLETGEPIEKIAARIAAGLAAACDPSKYSAEEIFDVVREALRLAYERLGIEL,130,0.2115,0.71459,2.51405,0.77227,1.20157,1.95282,4,537.91022,726.7229,58.7493,58.7493,0.29231,0.60769,0.1,task-26768452-20_spec_024.cif,130,37,167.0,167.0,0.0,0.06154,0.10769,0.00769,0.06923,0.04615,0.00769,0.09231,0.05385,0.02308,0.05385,0.15385,0.0,0.02308,0.13077,0.05385,0.00769,0.00769,0.04615,0.04615,0.00769,205,22,19,3,0,0,0,0,-1,0,0,,45-102,4,,10.0,-1,0,0,,8-125,13,,10.0,-1,0,0,,,0,,0.0,0,-1,0,0,,,0,,0.0,0,-1,0,0,,,0,,0.0,0,4,1,10,,,0,,0.0,0,-1,0,0,,,0,,0.0,0,-1,0,0,,47-74,3,,5.0,"AspCleavex4(pos45-102,sev10); ProtTrypx13(pos8-125,sev10); TrpOx(pos4,sev10); HydroPatchx3(pos47-74,sev5); UnpairedCys(pos101,sev10)",0.0,0.0,0.0,0.0,1.95282,1.95282,,,,True,False,True,True,0.0,0.0,100000.25,100000.25,0.0,0.7639,0.0,0.0,0.0,0.0,0.0,0.7639,False,False,False,False,False,False,False,True,False,False,False,False,1.20157,1.20157,,,,True,False,True,True,0.71459,9.86993,2.51405,0.71459,0.75569,0.0,0.71459,0.71459,0.83837,False,False,False,True,True,True,False,True,False,True,True,True,811.60315,273.69293,0,1.59831,0.38245,0.5534,0.78274,2.41389,False,False,1.0,101.0,1.0,10.0,,,,,,,1.20157,-2.51405,-58.7493,-726.7229,-2.51405,False,9,True,True,True,True,True,True,True,True,True,True,589.0,774.0,908.0,504.0,0.5,286.5,908.0,14,0.9992499624981249,SELWEQVRELLEKYYSGEISGSELNDQVKKLIGPLPKAAVVRVGDSVLVLYPDGSVYLSDELANNLDPEKLAELLVQVHLETGEPIEKIAARIAAGLAAACDPSKYSAEEIFDVVREALRLAYERLGIEL
task-26768452-13_spec_521,17,SKPPWYFGKISREEAEKLLREAGDVDGTFLVRESESTPGDYVLSVRYKGKVHHYKIFKAADGTFYLYPGGPRFASLEELVEYYRKNGINHPKYGKIFLGPPAPR,SKPPWYFGKISREEAEKLLREAGDVDGTFLVRESESTPGDYVLSVRYKGKVHHYKIFKAADGTFYLYPGGPRFASLEELVEYYRKNGINHPKYGKIFLGPPAPR,104,0.3641,0.74112,2.5233,0.7934,0.77919,1.31847,6,493.11188,686.11591,50.3586,50.3586,0.47115,0.21154,0.31731,task-26768452-13_spec_521.cif,104,37,141.0,141.0,0.0,0.10577,0.05769,0.0,0.05769,0.08654,0.02885,0.05769,0.03846,0.01923,0.03846,0.07692,0.0,0.0,0.08654,0.09615,0.02885,0.05769,0.06731,0.08654,0.00962,225,25,20,5,0,0,0,0,-1,0,0,,26-61,2,,10.0,-1,0,0,,2-95,16,,10.0,86,2,10,,,0,,0.0,0,-1,0,0,,,0,,0.0,0,-1,0,0,,,0,,0.0,0,5,1,10,,,0,,0.0,0,-1,0,0,,,0,,0.0,0,-1,0,0,,5-96,5,,5.0,"AspBridge(pos86,sev10); AspCleavex2(pos26-61,sev10); ProtTrypx16(pos2-95,sev10); TrpOx(pos5,sev10); HydroPatchx5(pos5-96,sev5)",0.0,0.0,0.0,0.0,1.31847,1.31847,,,,True,False,True,True,0.0,0.0,100000.25,100000.25,0.0,0.81733,0.0,0.0,0.0,0.0,0.0,0.81733,False,False,False,False,False,False,True,True,False,False,False,False,0.77919,0.77919,,,,True,False,True,True,0.74112,10.57188,2.5233,0.74112,0.76577,0.0,0.74112,0.74112,0.89785,False,False,False,True,True,True,False,True,False,True,True,True,728.31964,235.20775,0,1.01355,0.51378,0.66347,0.62935,1.39775,False,False,,,,,,,,,,,0.77919,-2.5233,-50.3586,-686.11591,-2.5233,False,9,True,True,True,True,True,True,True,True,True,True,330.0,229.0,920.0,110.0,0.5,659.5,920.0,15,0.9991999599979999,SKPPWYFGKISREEAEKLLREAGDVDGTFLVRESESTPGDYVLSVRYKGKVHHYKIFKAADGTFYLYPGGPRFASLEELVEYYRKNGINHPKYGKIFLGPPAPR
task-26768452-8_spec_905,18,SEIDGEPWYHPEIDRKEAEKILLAQKVDGTFALRPSEEEPGAYTLSVRHGDEVYHFLVKKEDGKWVLQCGDTVLDRFKSLKELIEHWKKNGITLPDGTKIKLGKPATGFK,SEIDGEPWYHPEIDRKEAEKILLAQKVDGTFALRPSEEEPGAYTLSVRHGDEVYHFLVKKEDGKWVLQCGDTVLDRFKSLKELIEHWKKNGITLPDGTKIKLGKPATGFK,110,0.48185,0.69695,2.24079,0.77225,2.33735,1.26585,4,471.20898,306.93954,50.1337,50.1337,0.44545,0.2,0.35455,task-26768452-8_spec_905.cif,110,37,147.0,147.0,0.0,0.09091,0.04545,0.00909,0.03636,0.05455,0.05455,0.05455,0.05455,0.00909,0.07273,0.1,0.0,0.01818,0.10909,0.12727,0.03636,0.03636,0.03636,0.02727,0.02727,275,29,26,3,0,0,0,0,-1,0,0,,4-96,4,,10.0,-1,0,0,,15-104,17,,10.0,90,2,10,,,0,,0.0,0,-1,0,0,,,0,,0.0,0,-1,0,0,,,0,,0.0,0,-1,0,0,,8-87,3,,10.0,0,-1,0,0,,,0,,0.0,0,-1,0,0,,21-65,3,,5.0,"AspBridge(pos90,sev10); AspCleavex4(pos4-96,sev10); ProtTrypx17(pos15-104,sev10); TrpOxx3(pos8-87,sev10); HydroPatchx3(pos21-65,sev5); UnpairedCys(pos69,sev10)",0.0,0.0,0.0,0.0,1.26585,1.26585,,,,True,False,True,True,0.0,0.0,100000.25,100000.25,0.0,0.75607,0.0,0.0,0.0,0.0,0.0,0.75607,False,False,False,False,False,False,False,True,False,False,False,False,2.33735,2.33735,,,,True,False,False,True,0.69695,11.27317,2.24079,0.69695,0.74894,0.0,0.69695,0.69695,0.88451,False,False,True,True,True,True,False,True,False,False,True,True,724.85803,253.64903,0,0.94441,0.61661,0.75137,-0.02612,1.91494,False,False,1.0,69.0,1.0,10.0,,,,,,,2.33735,-2.24079,-50.1337,-306.93954,-2.24079,False,9,True,True,True,True,True,True,True,True,True,True,873.0,777.0,542.0,504.0,0.5,980.0,980.0,16,0.9991499574978749,SEIDGEPWYHPEIDRKEAEKILLAQKVDGTFALRPSEEEPGAYTLSVRHGDEVYHFLVKKEDGKWVLQCGDTVLDRFKSLKELIEHWKKNGITLPDGTKIKLGKPATGFK
task-26768452-12_spec_980,19,GPVVSSAEMSLTTKDGTKLPVVIVVTAAADGTITAVELRTLDGKVIASIEVTAAGTASEPGKYGDCTFTLTVEEIVDGRRAVVRVTATTAGGTSTYLCEIEAAPDGHALRVVVRDADDPSAVKTLPCKPGSL,GPVVSSAEMSLTTKDGTKLPVVIVVTAAADGTITAVELRTLDGKVIASIEVTAAGTASEPGKYGDCTFTLTVEEIVDGRRAVVRVTATTAGGTSTYLCEIEAAPDGHALRVVVRDADDPSAVKTLPCKPGSL,132,0.34251,0.72808,2.44336,0.76651,1.03651,1.30022,4,484.73157,1443.10071,45.6593,45.6593,0.37879,0.0,0.62121,task-26768452-12_spec_980.cif,132,37,169.0,169.0,0.0,0.09091,0.12879,0.02273,0.06061,0.05303,0.13636,0.13636,0.04545,0.0,0.06818,0.06818,0.00758,0.0,0.06061,0.04545,0.00758,0.00758,0.04545,0.01515,0.0,225,24,21,3,0,0,0,0,-1,0,0,,15-118,6,,10.0,-1,0,0,,14-128,12,,10.0,-1,0,0,,,0,,0.0,0,-1,0,0,,,0,,0.0,0,9,1,5,,,0,,0.0,0,-1,0,0,,,0,,0.0,0,-1,0,0,,,0,,0.0,0,-1,0,0,,21-111,2,,5.0,"AspCleavex6(pos15-118,sev10); ProtTrypx12(pos14-128,sev10); MetOx(pos9,sev5); HydroPatchx2(pos21-111,sev5); UnpairedCysx3(pos66-127,sev10)",0.0,0.0,0.0,0.0,1.30022,1.30022,,,,True,False,True,True,0.0,0.0,100000.25,100000.25,0.0,0.71379,0.0,0.0,0.0,0.0,0.0,0.71379,False,False,False,False,False,False,False,False,False,False,False,False,1.03651,1.03651,,,,True,False,True,True,0.72808,11.2147,2.44336,0.72808,0.74122,0.0,0.72808,0.72808,0.78268,False,False,True,True,True,True,False,True,False,True,True,True,830.62695,345.89539,0,1.74428,0.46228,0.58205,1.16967,2.3189,False,False,3.0,,,,,66-127,3.0,,10.0,,1.03651,-2.44336,-45.6593,-1443.10071,-2.44336,False,9,True,True,True,True,True,True,True,True,True,True,438.0,1014.0,802.0,504.0,0.5,774.5,1014.0,17,0.9990999549977498,GPVVSSAEMSLTTKDGTKLPVVIVVTAAADGTITAVELRTLDGKVIASIEVTAAGTASEPGKYGDCTFTLTVEEIVDGRRAVVRVTATTAGGTSTYLCEIEAAPDGHALRVVVRDADDPSAVKTLPCKPGSL
task-26768452-12_spec_373,20,SEEEEIEAIANAAVDALAASPDGRTISEEEALELKKMIDKFLGKKIFTNISGDLTVEEFLRALEDAVKEFPDNEKIKKLLEIFEKKLAEL,SEEEEIEAIANAAVDALAASPDGRTISEEEALELKKMIDKFLGKKIFTNISGDLTVEEFLRALEDAVKEFPDNEKIKKLLEIFEKKLAEL,90,0.75782,0.77368,1.58625,0.77282,0.74599,1.09215,3,472.13644,1006.12628,54.8788,54.8788,0.28889,0.66667,0.04444,task-26768452-12_spec_373.cif,90,37,127.0,127.0,0.0,0.03333,0.12222,0.0,0.04444,0.02222,0.03333,0.03333,0.08889,0.03333,0.06667,0.12222,0.01111,0.0,0.18889,0.12222,0.0,0.05556,0.02222,0.0,0.0,155,16,15,1,0,0,0,0,22,2,10,,,0,,0.0,-1,0,0,,24-86,13,,10.0,11,2,10,,,0,,0.0,0,-1,0,0,,,0,,0.0,0,37,1,5,,,0,,0.0,0,-1,0,0,,,0,,0.0,0,-1,0,0,,,0,,0.0,0,-1,0,0,,,0,,0.0,"AspBridge(pos11,sev10); AspCleave(pos22,sev10); ProtTrypx13(pos24-86,sev10); MetOx(pos37,sev5)",0.0,0.0,0.0,0.0,1.09215,1.09215,,,,True,False,True,True,0.0,0.0,100000.25,100000.25,0.0,0.64231,0.0,0.0,0.0,0.0,0.0,0.64231,False,False,False,False,False,False,False,False,False,False,False,False,0.74599,0.74599,,,,True,False,True,True,0.77368,9.36823,1.58625,0.77368,0.76941,0.0,0.77368,0.77368,0.89652,False,True,True,True,True,True,False,True,False,True,True,True,732.72656,260.59012,0,0.77583,0.82103,0.88423,-0.31586,1.86752,True,True,,,,,,,,,,,0.74599,-1.58625,-54.8788,-1006.12628,-1.58625,False,9,True,True,True,True,True,True,True,True,True,True,128.0,744.0,82.0,1019.5,0.5,960.0,1019.5,18,0.9990499524976248,SEEEEIEAIANAAVDALAASPDGRTISEEEALELKKMIDKFLGKKIFTNISGDLTVEEFLRALEDAVKEFPDNEKIKKLLEIFEKKLAEL
task-26768452-4_spec_098,21,MNLTREQIRELIKGVLEHAPSSIPDEALKAATAFIVCALQEKHPTGENNIELALEDPEKLTGVTGTILKDLLQDPEMRAAIEELLEDPTNGEAAAVVAVAMVEKYGAEVLEEAVDEEAPELKKEVEEIYNELK,MNLTREQIRELIKGVLEHAPSSIPDEALKAATAFIVCALQEKHPTGENNIELALEDPEKLTGVTGTILKDLLQDPEMRAAIEELLEDPTNGEAAAVVAVAMVEKYGAEVLEEAVDEEAPELKKEVEEIYNELK,133,0.53861,0.76653,1.94997,0.78976,1.98972,2.16263,3,482.57764,930.95142,52.9303,52.9303,0.23308,0.75188,0.01504,task-26768452-4_spec_098.cif,133,37,170.0,170.0,0.0,0.04511,0.12782,0.00752,0.01504,0.05263,0.05263,0.07519,0.06015,0.03759,0.04511,0.1203,0.02256,0.02256,0.18797,0.06767,0.01504,0.00752,0.02256,0.01504,0.0,180,20,16,4,0,0,0,0,-1,0,0,,56-87,3,,10.0,-1,0,0,,5-123,11,,10.0,90,2,10,,,0,,0.0,0,-1,0,0,,,0,,0.0,0,-1,0,0,,1-101,3,,5.0,0,-1,0,0,,,0,,0.0,0,-1,0,0,,,0,,0.0,0,34,3,5,,,0,,0.0,"AspBridge(pos90,sev10); AspCleavex3(pos56-87,sev10); ProtTrypx11(pos5-123,sev10); MetOxx3(pos1-101,sev5); HydroPatch(pos34,sev5); UnpairedCys(pos37,sev10)",0.0,0.0,0.0,0.0,2.16263,2.16263,,,,True,False,False,True,0.0,0.0,100000.25,100000.25,0.0,0.78818,0.0,0.0,0.0,0.0,0.0,0.78818,False,False,False,False,False,False,False,True,False,False,False,False,1.98972,1.98972,,,,True,False,True,True,0.76653,10.64709,1.94997,0.76653,0.7629,0.0,0.76653,0.76653,0.82686,False,True,True,True,True,True,False,True,False,True,True,True,773.98322,291.40558,0,1.60202,0.5612,0.5838,0.57484,2.62919,True,False,1.0,37.0,1.0,10.0,,,,,,,1.98972,-1.94997,-52.9303,-930.95142,-1.94997,False,9,True,True,True,True,True,True,True,True,True,True,162.0,284.0,276.0,1019.5,0.5,802.5,1019.5,18,0.9989999499974999,MNLTREQIRELIKGVLEHAPSSIPDEALKAATAFIVCALQEKHPTGENNIELALEDPEKLTGVTGTILKDLLQDPEMRAAIEELLEDPTNGEAAAVVAVAMVEKYGAEVLEEAVDEEAPELKKEVEEIYNELK
task-26768452-17_spec_839,22,SEGKGKVLSASATADSLVLTAEVDSPALGGKATITLEFKLLGPGGKGAKVEVKATDETTGTSGTGTGVVTSAGEDSFAVGLDGLVIAGVPYSGIAFRLLDDETVELILKNAATGEETRYTLELTPEAAAALRAFLRAVA,SEGKGKVLSASATADSLVLTAEVDSPALGGKATITLEFKLLGPGGKGAKVEVKATDETTGTSGTGTGVVTSAGEDSFAVGLDGLVIAGVPYSGIAFRLLDDETVELILKNAATGEETRYTLELTPEAAAALRAFLRAVA,139,0.42575,0.76176,2.49482,0.79874,1.48285,0.85264,3,558.84637,1472.91187,50.5875,50.5875,0.28777,0.10072,0.61151,task-26768452-17_spec_839.cif,139,37,176.0,176.0,0.0,0.1295,0.15108,0.0,0.06475,0.02878,0.11511,0.08633,0.02878,0.00719,0.05036,0.1223,0.0,0.0,0.08633,0.05755,0.0,0.02878,0.02878,0.01439,0.0,185,20,17,3,0,0,0,0,-1,0,0,,15-82,4,,10.0,-1,0,0,,4-136,12,,10.0,110,2,10,,,0,,0.0,0,-1,0,0,,,0,,0.0,0,-1,0,0,,,0,,0.0,0,-1,0,0,,,0,,0.0,0,-1,0,0,,,0,,0.0,0,-1,0,0,,17-106,3,,5.0,"AspBridge(pos110,sev10); AspCleavex4(pos15-82,sev10); ProtTrypx12(pos4-136,sev10); HydroPatchx3(pos17-106,sev5)",0.0,0.0,0.0,0.0,0.85264,0.85264,,,,True,False,True,True,0.0,0.0,100000.25,100000.25,0.0,0.81007,0.0,0.0,0.0,0.0,0.0,0.81007,False,False,False,False,False,False,True,True,False,False,False,False,1.48285,1.48285,,,,True,False,True,True,0.76176,9.61672,2.49482,0.76176,0.79096,0.0,0.76176,0.76176,0.83821,False,False,True,True,True,True,False,True,False,True,True,True,688.27045,129.42406,0,1.73392,0.48136,0.53697,1.19491,2.27293,False,False,,,,,,,,,,,1.48285,-2.49482,-50.5875,-1472.91187,-2.49482,False,9,True,True,True,True,True,True,True,True,True,True,189.0,171.0,883.0,1019.5,0.5,202.5,1019.5,18,0.9989499474973749,SEGKGKVLSASATADSLVLTAEVDSPALGGKATITLEFKLLGPGGKGAKVEVKATDETTGTSGTGTGVVTSAGEDSFAVGLDGLVIAGVPYSGIAFRLLDDETVELILKNAATGEETRYTLELTPEAAAALRAFLRAVA
task-26768452-18_spec_461,23,GEVTVTATTSDGRVFTAIIRPRSDGSVGFRVYDANGNLVAGGYVKKGSKDIYFSDGATGKLLSDTSFQLTTDAPGPLKKGDVITFDKPLSDYL,GEVTVTATTSDGRVFTAIIRPRSDGSVGFRVYDANGNLVAGGYVKKGSKDIYFSDGATGKLLSDTSFQLTTDAPGPLKKGDVITFDKPLSDYL,93,0.50915,0.76078,2.15675,0.77655,1.36726,1.13603,3,561.27594,701.71997,46.2404,46.2404,0.48387,0.03226,0.48387,task-26768452-18_spec_461.cif,93,37,130.0,130.0,0.0,0.12903,0.06452,0.0,0.08602,0.04301,0.10753,0.08602,0.04301,0.02151,0.10753,0.07527,0.0,0.01075,0.01075,0.07527,0.0,0.05376,0.04301,0.04301,0.0,155,16,15,1,0,0,0,0,-1,0,0,,11-55,3,,10.0,-1,0,0,,13-87,11,,10.0,35,2,10,,,0,,0.0,0,-1,0,0,,,0,,0.0,0,-1,0,0,,,0,,0.0,0,-1,0,0,,,0,,0.0,0,-1,0,0,,,0,,0.0,0,51,3,5,,,0,,0.0,"AspBridge(pos35,sev10); AspCleavex3(pos11-55,sev10); ProtTrypx11(pos13-87,sev10); HydroPatch(pos51,sev5)",0.0,0.0,0.0,0.0,1.13603,1.13603,,,,True,False,True,True,0.0,0.0,100000.25,100000.25,0.0,0.70034,0.0,0.0,0.0,0.0,0.0,0.70034,False,False,False,False,False,False,False,False,False,False,False,False,1.36726,1.36726,,,,True,False,True,True,0.76078,9.8141,2.15675,0.76078,0.77206,0.0,0.76078,0.76078,0.82456,False,False,True,True,True,True,False,True,False,True,True,True,809.91693,248.64101,0,0.79915,0.44707,0.38498,-0.36314,1.96145,True,False,,,,,,,,,,,1.36726,-2.15675,-46.2404,-701.71997,-2.15675,False,9,True,True,True,True,True,True,True,True,True,True,193.0,605.0,449.0,1019.5,0.5,196.0,1019.5,18,0.9988999449972499,GEVTVTATTSDGRVFTAIIRPRSDGSVGFRVYDANGNLVAGGYVKKGSKDIYFSDGATGKLLSDTSFQLTTDAPGPLKKGDVITFDKPLSDYL
task-26768452-17_spec_416,24,MTPGEALATVAQQPPGAEVEATLTTSDGDTYKLVLTRDPNDPDAVIVKCAKTGEEIFAARTSTTDEELTYLFSNEPLGEYSTIPEWQGKTGGEVLKELEK,MTPGEALATVAQQPPGAEVEATLTTSDGDTYKLVLTRDPNDPDAVIVKCAKTGEEIFAARTSTTDEELTYLFSNEPLGEYSTIPEWQGKTGGEVLKELEK,100,0.67667,0.74761,2.49441,0.79436,0.81111,0.98268,3,576.98792,657.82776,45.4435,45.4435,0.39,0.32,0.29,task-26768452-17_spec_416.cif,100,37,137.0,137.0,0.0,0.08,0.09,0.01,0.04,0.07,0.14,0.06,0.03,0.02,0.06,0.09,0.01,0.03,0.13,0.06,0.0,0.02,0.02,0.03,0.01,140,16,12,4,0,0,0,0,-1,0,0,,27-41,3,,10.0,-1,0,0,,32-96,7,,10.0,-1,0,0,,,0,,0.0,0,-1,0,0,,,0,,0.0,0,1,1,5,,,0,,0.0,0,86,1,10,,,0,,0.0,0,-1,0,0,,,0,,0.0,0,-1,0,0,,33-70,3,,5.0,"AspCleavex3(pos27-41,sev10); ProtTrypx7(pos32-96,sev10); MetOx(pos1,sev5); TrpOx(pos86,sev10); HydroPatchx3(pos33-70,sev5); UnpairedCys(pos49,sev10)",0.0,0.0,0.0,0.0,0.98268,0.98268,,,,True,False,True,True,0.0,0.0,100000.25,100000.25,0.0,0.73227,0.0,0.0,0.0,0.0,0.0,0.73227,False,False,False,False,False,False,False,False,False,False,False,False,0.81111,0.81111,,,,True,False,True,True,0.74761,9.91719,2.49441,0.74761,0.76592,0.0,0.74761,0.74761,0.87983,False,False,True,True,True,True,False,True,False,True,True,True,799.86462,222.87668,0,1.25223,0.79907,0.92147,0.38989,2.11457,True,False,1.0,49.0,1.0,10.0,,,,,,,0.81111,-2.49441,-45.4435,-657.82776,-2.49441,False,9,True,True,True,True,True,True,True,True,True,True,288.0,220.0,881.0,1019.5,0.5,147.0,1019.5,18,0.9988499424971249,MTPGEALATVAQQPPGAEVEATLTTSDGDTYKLVLTRDPNDPDAVIVKCAKTGEEIFAARTSTTDEELTYLFSNEPLGEYSTIPEWQGKTGGEVLKELEK
task-26768452-6_spec_900,25,STTTITLDLSGLDGESAFQKIVDALKASGVKATKLVITIHAEGADPEEIVLTVTLEKPTTGGELLTDPNVKAELTTKDAANAAAAAKLAGGPVPEGLTDGGAIGDFLLAVLKGANVKKVTVELVS,STTTITLDLSGLDGESAFQKIVDALKASGVKATKLVITIHAEGADPEEIVLTVTLEKPTTGGELLTDPNVKAELTTKDAANAAAAAKLAGGPVPEGLTDGGAIGDFLLAVLKGANVKKVTVELVS,125,0.29614,0.73344,1.91128,0.8115,0.82758,0.73653,3,492.6633,1138.15417,50.4331,50.4331,0.256,0.368,0.376,task-26768452-6_spec_900.cif,125,37,162.0,162.0,0.0,0.104,0.144,0.0,0.04,0.04,0.12,0.096,0.048,0.024,0.064,0.128,0.0,0.008,0.072,0.088,0.008,0.016,0.0,0.0,0.0,175,19,16,3,0,0,0,0,-1,0,0,,13-99,4,,10.0,-1,0,0,,20-118,11,,10.0,81,2,10,,,0,,0.0,0,-1,0,0,,,0,,0.0,0,-1,0,0,,,0,,0.0,0,-1,0,0,,,0,,0.0,0,-1,0,0,,,0,,0.0,0,-1,0,0,,35-106,3,,5.0,"AspBridge(pos81,sev10); AspCleavex4(pos13-99,sev10); ProtTrypx11(pos20-118,sev10); HydroPatchx3(pos35-106,sev5)",0.0,0.0,0.0,0.0,0.73653,0.73653,,,,True,False,True,True,0.0,0.0,100000.25,100000.25,0.0,0.80843,0.0,0.0,0.0,0.0,0.0,0.80843,False,False,False,False,False,False,True,True,False,False,False,False,0.82758,0.82758,,,,True,False,True,True,0.73344,10.47875,1.91128,0.73344,0.78676,0.0,0.73344,0.73344,0.80769,False,True,True,True,True,True,True,True,False,True,True,True,771.27472,278.61142,0,0.96498,0.3601,0.42406,0.3188,1.61117,False,False,,,,,,,,,,,0.82758,-1.91128,-50.4331,-1138.15417,-1.91128,False,9,True,True,True,True,True,True,True,True,True,True,387.0,88.0,254.0,1019.5,0.5,666.5,1019.5,18,0.9987999399969999,STTTITLDLSGLDGESAFQKIVDALKASGVKATKLVITIHAEGADPEEIVLTVTLEKPTTGGELLTDPNVKAELTTKDAANAAAAAKLAGGPVPEGLTDGGAIGDFLLAVLKGANVKKVTVELVS
task-26768452-7_spec_156,26,SPLVERAARYARELARELGMDVPDETILAMVEKAVEACADELAADEIDAAAMLRRVAEVEGLPADQVTTLGVVVAVGLILAAAERRGLSEAEVDELRRAAVAELRAAGLTDASTVVPRATALAVLKAVVDLLQALLASK,SPLVERAARYARELARELGMDVPDETILAMVEKAVEACADELAADEIDAAAMLRRVAEVEGLPADQVTTLGVVVAVGLILAAAERRGLSEAEVDELRRAAVAELRAAGLTDASTVVPRATALAVLKAVVDLLQALLASK,139,0.39348,0.73011,2.0534,0.77338,1.06658,0.66321,3,569.34052,1786.62976,55.1882,55.1882,0.23741,0.71942,0.04317,task-26768452-7_spec_156.cif,139,37,176.0,176.0,0.0,0.04317,0.23022,0.00719,0.02878,0.02878,0.04317,0.1295,0.02158,0.0,0.06475,0.14388,0.02158,0.01439,0.10791,0.02158,0.0,0.0,0.08633,0.00719,0.0,175,20,15,5,0,0,0,0,-1,0,0,,,0,,0.0,-1,0,0,,6-126,14,,10.0,-1,0,0,,,0,,0.0,0,-1,0,0,,,0,,0.0,0,-1,0,0,,20-52,3,,5.0,0,-1,0,0,,,0,,0.0,0,-1,0,0,,,0,,0.0,0,-1,0,0,,72-78,2,,5.0,"ProtTrypx14(pos6-126,sev10); MetOxx3(pos20-52,sev5); HydroPatchx2(pos72-78,sev5); UnpairedCys(pos38,sev10)",0.0,0.0,0.0,0.0,0.66321,0.66321,,,,True,False,True,True,0.0,0.0,100000.25,100000.25,0.0,0.84542,0.0,0.0,0.0,0.0,0.0,0.84542,False,False,False,False,False,False,True,True,False,False,False,False,1.06658,1.06658,,,,True,False,True,True,0.73011,10.04117,2.0534,0.73011,0.75031,0.0,0.73011,0.73011,0.86145,False,False,True,True,True,True,False,True,False,True,True,True,819.38763,250.04713,0,1.35046,0.44732,0.50116,0.6757,2.02521,False,False,1.0,38.0,1.0,10.0,,,,,,,1.06658,-2.0534,-55.1882,-1786.62976,-2.0534,False,9,True,True,True,True,True,True,True,True,True,True,413.0,720.0,350.0,1019.5,0.5,165.0,1019.5,18,0.9987499374968748,SPLVERAARYARELARELGMDVPDETILAMVEKAVEACADELAADEIDAAAMLRRVAEVEGLPADQVTTLGVVVAVGLILAAAERRGLSEAEVDELRRAAVAELRAAGLTDASTVVPRATALAVLKAVVDLLQALLASK
task-26768452-3_spec_406,28,MVIKVTVVAPESNEGAVAALKAAGEPPGTPLIIEVYTDGPYDGSFRVRSAANGRGIPADSPFSKALSSLLKPGATKEEVVAALESLGLEILSVEEV,MVIKVTVVAPESNEGAVAALKAAGEPPGTPLIIEVYTDGPYDGSFRVRSAANGRGIPADSPFSKALSSLLKPGATKEEVVAALESLGLEILSVEEV,96,0.60496,0.701,2.39038,0.79019,0.72496,0.85228,3,472.00082,1260.24475,50.1371,50.1371,0.39583,0.32292,0.28125,task-26768452-3_spec_406.cif,96,37,133.0,133.0,0.0,0.09375,0.13542,0.0,0.09375,0.08333,0.04167,0.11458,0.05208,0.02083,0.03125,0.09375,0.01042,0.0,0.10417,0.05208,0.0,0.02083,0.03125,0.02083,0.0,130,14,12,2,0,0,0,0,-1,0,0,,38-59,3,,10.0,-1,0,0,,4-76,8,,10.0,52,2,10,,,0,,0.0,0,-1,0,0,,,0,,0.0,0,1,1,5,,,0,,0.0,0,-1,0,0,,,0,,0.0,0,-1,0,0,,,0,,0.0,0,31,3,5,,,0,,0.0,"AspBridge(pos52,sev10); AspCleavex3(pos38-59,sev10); ProtTrypx8(pos4-76,sev10); MetOx(pos1,sev5); HydroPatch(pos31,sev5)",0.0,0.0,0.0,0.0,0.85228,0.85228,,,,True,False,True,True,0.0,0.0,100000.25,100000.25,0.0,0.78833,0.0,0.0,0.0,0.0,0.0,0.78833,False,False,False,False,False,False,False,True,False,False,False,False,0.72496,0.72496,,,,True,False,True,True,0.701,10.36362,2.39038,0.701,0.74614,0.0,0.701,0.701,0.82748,False,False,True,True,True,True,False,True,False,True,True,True,807.27667,335.27585,0,1.009,0.56237,0.51979,0.24513,1.77287,True,False,,,,,,,,,,,0.72496,-2.39038,-50.1371,-1260.24475,-2.39038,False,9,True,True,True,True,True,True,True,True,True,True,784.0,277.0,732.0,1019.5,0.5,963.5,1019.5,18,0.9986499324966248,MVIKVTVVAPESNEGAVAALKAAGEPPGTPLIIEVYTDGPYDGSFRVRSAANGRGIPADSPFSKALSSLLKPGATKEEVVAALESLGLEILSVEEV
task-26768452-10_spec_295,29,SAEDAKSLLDILKNELSSLADDEFTTENLLAIVEKLLAHPSAHLVLEPLPAELASKVVDEPMNLRETRDALRAGKVTPKGAVIDIGGVCAEMVAKVLPEKTAEARALYDRFVSRVSSLPDDSPELKTVLLDFIDGCMSLL,SAEDAKSLLDILKNELSSLADDEFTTENLLAIVEKLLAHPSAHLVLEPLPAELASKVVDEPMNLRETRDALRAGKVTPKGAVIDIGGVCAEMVAKVLPEKTAEARALYDRFVSRVSSLPDDSPELKTVLLDFIDGCMSLL,140,0.22928,0.69271,2.47999,0.79719,0.92267,0.74125,3,471.39713,1556.70007,58.3051,58.3051,0.27857,0.72143,0.0,task-26768452-10_spec_295.cif,140,37,177.0,177.0,0.0,0.03571,0.11429,0.01429,0.07857,0.05714,0.04286,0.08571,0.03571,0.02143,0.08571,0.16429,0.02143,0.0,0.09286,0.06429,0.01429,0.02143,0.04286,0.00714,0.0,195,22,17,5,0,0,0,0,-1,0,0,,121-134,2,,10.0,-1,0,0,,6-126,15,,10.0,-1,0,0,,,0,,0.0,0,-1,0,0,,,0,,0.0,0,-1,0,0,,62-137,3,,5.0,0,-1,0,0,,,0,,0.0,0,-1,0,0,,,0,,0.0,0,-1,0,0,,44-128,2,,5.0,"AspCleavex2(pos121-134,sev10); ProtTrypx15(pos6-126,sev10); MetOxx3(pos62-137,sev5); HydroPatchx2(pos44-128,sev5)",0.0,0.0,0.0,0.0,0.74125,0.74125,,,,True,False,True,True,0.0,0.0,100000.25,100000.25,0.0,0.86128,0.0,0.0,0.0,0.0,0.0,0.86128,False,False,False,False,False,False,True,True,False,False,False,False,0.92267,0.92267,,,,True,False,True,True,0.69271,11.02581,2.47999,0.69271,0.76927,0.0,0.69271,0.69271,0.76346,False,False,True,True,True,True,False,True,False,False,True,True,722.27911,250.88199,0,1.32915,0.41653,0.60378,0.54042,2.11789,False,False,,,,,,,,,,,0.92267,-2.47999,-58.3051,-1556.70007,-2.47999,False,9,True,True,True,True,True,True,True,True,True,True,947.0,190.0,859.0,1019.5,0.5,975.5,1019.5,18,0.9985999299964998,SAEDAKSLLDILKNELSSLADDEFTTENLLAIVEKLLAHPSAHLVLEPLPAELASKVVDEPMNLRETRDALRAGKVTPKGAVIDIGGVCAEMVAKVLPEKTAEARALYDRFVSRVSSLPDDSPELKTVLLDFIDGCMSLL
task-26768452-8_spec_682,30,MEVKESDMENKVKAKDQEGKEVTVGIHKSDPTVLCIKYDSDGKVYGFRIKKCSLEGKTLTFEDSNGNVITLEFESVEDAKKFGSILMSVVPS,MEVKESDMENKVKAKDQEGKEVTVGIHKSDPTVLCIKYDSDGKVYGFRIKKCSLEGKTLTFEDSNGNVITLEFESVEDAKKFGSILMSVVPS,92,0.50753,0.69194,2.53053,0.7847,1.09104,1.1328,3,481.71625,375.97284,43.5195,43.5195,0.34783,0.16304,0.48913,task-26768452-8_spec_682.cif,92,37,129.0,129.0,0.0,0.07609,0.02174,0.02174,0.09783,0.02174,0.05435,0.1087,0.05435,0.03261,0.07609,0.05435,0.03261,0.01087,0.1087,0.1413,0.01087,0.04348,0.01087,0.02174,0.0,205,22,19,3,0,0,0,0,-1,0,0,,30-63,4,,10.0,-1,0,0,,4-81,14,,10.0,65,2,10,,,0,,0.0,0,-1,0,0,,,0,,0.0,0,-1,0,0,,1-87,3,,5.0,0,-1,0,0,,,0,,0.0,0,-1,0,0,,,0,,0.0,0,-1,0,0,,,0,,0.0,"AspBridge(pos65,sev10); AspCleavex4(pos30-63,sev10); ProtTrypx14(pos4-81,sev10); MetOxx3(pos1-87,sev5)",0.0,0.0,0.0,0.0,1.1328,1.1328,,,,True,False,True,True,0.0,0.0,100000.25,100000.25,0.0,0.82974,0.0,0.0,0.0,0.0,0.0,0.82974,False,False,False,False,False,False,True,True,False,False,False,False,1.09104,1.09104,,,,True,False,True,True,0.69194,10.93342,2.53053,0.69194,0.75656,0.0,0.69194,0.69194,0.79076,False,False,False,True,True,True,False,True,False,False,True,True,805.02026,323.30402,0,1.16897,0.64827,0.78901,0.25398,2.08395,True,False,,,,,,,,,,,1.09104,-2.53053,-43.5195,-375.97284,-2.53053,False,9,True,True,True,True,True,True,True,True,True,True,966.0,371.0,932.0,1019.5,0.5,814.0,1019.5,18,0.9985499274963748,MEVKESDMENKVKAKDQEGKEVTVGIHKSDPTVLCIKYDSDGKVYGFRIKKCSLEGKTLTFEDSNGNVITLEFESVEDAKKFGSILMSVVPS
task-26768452-14_spec_033,31,SAEDAAMARAIARLYEALAAASVEDRQAAGKVALDFIRSDPEAKERAYPVLERLAELPEAKAAGFNREDVLAAIDNDEPTKNVGSTVGLVTVAMVVAVDLGKVDEFLAALEASDISPAVLEAIRAAVAELQAAR,SAEDAAMARAIARLYEALAAASVEDRQAAGKVALDFIRSDPEAKERAYPVLERLAELPEAKAAGFNREDVLAAIDNDEPTKNVGSTVGLVTVAMVVAVDLGKVDEFLAALEASDISPAVLEAIRAAVAELQAAR,134,0.41714,0.77797,2.06725,0.82523,0.67701,0.79325,4,468.51553,1472.88257,51.2161,51.2161,0.19403,0.80597,0.0,task-26768452-14_spec_033.cif,134,37,171.0,171.0,0.0,0.03731,0.24627,0.0,0.04478,0.03731,0.02239,0.10448,0.03731,0.02239,0.07463,0.09701,0.01493,0.01493,0.10448,0.03731,0.0,0.02239,0.06716,0.01493,0.0,150,16,14,2,0,0,0,0,40,2,10,,,0,,0.0,-1,0,0,,9-124,13,,10.0,-1,0,0,,,0,,0.0,0,-1,0,0,,,0,,0.0,0,-1,0,0,,7-94,2,,5.0,0,-1,0,0,,,0,,0.0,0,-1,0,0,,,0,,0.0,0,-1,0,0,,,0,,0.0,"AspCleave(pos40,sev10); ProtTrypx13(pos9-124,sev10); MetOxx2(pos7-94,sev5)",0.0,0.0,0.0,0.0,0.79325,0.79325,,,,True,False,True,True,0.0,0.0,100000.25,100000.25,0.0,0.91025,0.0,0.0,0.0,0.0,0.0,0.91025,False,False,False,False,False,False,True,True,False,False,False,False,0.67701,0.67701,,,,True,False,True,True,0.77797,8.94276,2.06725,0.77797,0.80592,0.0,0.77797,0.77797,0.86315,False,False,True,True,True,True,True,True,False,True,True,True,698.92389,230.40836,0,1.79875,0.41113,0.40511,1.34004,2.25745,False,False,,,,,,,,,,,0.67701,-2.06725,-51.2161,-1472.88257,-2.06725,False,9,True,True,True,True,True,True,True,True,True,True,107.0,34.0,360.0,504.0,0.5,1027.5,1027.5,19,0.9984999249962498,SAEDAAMARAIARLYEALAAASVEDRQAAGKVALDFIRSDPEAKERAYPVLERLAELPEAKAAGFNREDVLAAIDNDEPTKNVGSTVGLVTVAMVVAVDLGKVDEFLAALEASDISPAVLEAIRAAVAELQAAR
