id,final_rank,designed_sequence,designed_chain_sequence,num_design,affinity_probability_binary1,design_to_target_iptm,min_design_to_target_pae,design_ptm,filter_rmsd,designfolding-filter_rmsd,plip_hbonds_refolded,delta_sasa_refolded,design_largest_hydrophobic_patch_refolded,design_chain_hydrophobicity,design_hydrophobicity,loop,helix,sheet,file_name,num_prot_tokens,num_lig_atoms,num_resolved_tokens,num_tokens,UNK_fraction,GLY_fraction,ALA_fraction,CYS_fraction,SER_fraction,PRO_fraction,THR_fraction,VAL_fraction,ILE_fraction,ASN_fraction,ASP_fraction,LEU_fraction,MET_fraction,GLN_fraction,GLU_fraction,LYS_fraction,HIS_fraction,PHE_fraction,ARG_fraction,TYR_fraction,TRP_fraction,liability_score,liability_num_violations,liability_high_severity_violations,liability_medium_severity_violations,liability_low_severity_violations,liability_ProtTryp_count,liability_MetOx_count,liability_HydroPatch_count,liability_UnpairedCys_count,liability_ProtTryp_position,liability_ProtTryp_length,liability_ProtTryp_severity,liability_ProtTryp_details,liability_ProtTryp_positions,liability_ProtTryp_num_positions,liability_ProtTryp_global_details,liability_ProtTryp_avg_severity,liability_NTCycl_count,liability_NTCycl_position,liability_NTCycl_length,liability_NTCycl_severity,liability_NTCycl_details,liability_NTCycl_positions,liability_NTCycl_num_positions,liability_NTCycl_global_details,liability_NTCycl_avg_severity,liability_DPP4_count,liability_DPP4_position,liability_DPP4_length,liability_DPP4_severity,liability_DPP4_details,liability_DPP4_positions,liability_DPP4_num_positions,liability_DPP4_global_details,liability_DPP4_avg_severity,liability_AspBridge_count,liability_AspBridge_position,liability_AspBridge_length,liability_AspBridge_severity,liability_AspBridge_details,liability_AspBridge_positions,liability_AspBridge_num_positions,liability_AspBridge_global_details,liability_AspBridge_avg_severity,liability_AspCleave_count,liability_AspCleave_position,liability_AspCleave_length,liability_AspCleave_severity,liability_AspCleave_details,liability_AspCleave_positions,liability_AspCleave_num_positions,liability_AspCleave_global_details,liability_AspCleave_avg_severity,liability_MetOx_position,liability_MetOx_length,liability_MetOx_severity,liability_MetOx_details,liability_MetOx_positions,liability_MetOx_num_positions,liability_MetOx_global_details,liability_MetOx_avg_severity,liability_HydroPatch_position,liability_HydroPatch_length,liability_HydroPatch_severity,liability_HydroPatch_details,liability_HydroPatch_positions,liability_HydroPatch_num_positions,liability_HydroPatch_global_details,liability_HydroPatch_avg_severity,liability_TrpOx_count,liability_TrpOx_position,liability_TrpOx_length,liability_TrpOx_severity,liability_TrpOx_details,liability_TrpOx_positions,liability_TrpOx_num_positions,liability_TrpOx_global_details,liability_TrpOx_avg_severity,liability_UnpairedCys_position,liability_UnpairedCys_length,liability_UnpairedCys_severity,liability_UnpairedCys_details,liability_violations_summary,native_rmsd,native_rmsd_bb,native_rmsd_refolded,native_rmsd_bb_refolded,designfolding-bb_rmsd,designfolding-bb_rmsd_design,designfolding-bb_rmsd_target,designfolding-bb_rmsd_design_target,designfolding-bb_target_aligned_rmsd_design,designfolding-bb_rmsd<2.5,designfolding-bb_target_aligned<2.5,designfolding-bb_designability_rmsd_2,designfolding-bb_designability_rmsd_4,designfolding-ligand_iptm,designfolding-interaction_pae,designfolding-min_interaction_pae,designfolding-min_design_to_target_pae,designfolding-iptm,designfolding-ptm,designfolding-protein_iptm,designfolding-design_iptm,designfolding-design_iiptm,designfolding-design_to_target_iptm,designfolding-target_ptm,designfolding-design_ptm,designfolding-min_interaction_pae<1.5,designfolding-min_interaction_pae<2,designfolding-min_interaction_pae<2.5,designfolding-min_interaction_pae<3,designfolding-min_interaction_pae<4,designfolding-min_interaction_pae<5,designfolding-design_ptm>80,designfolding-design_ptm>75,designfolding-design_iptm>80,designfolding-design_iptm>70,designfolding-design_iptm>60,designfolding-design_iptm>50,bb_rmsd,bb_rmsd_design,bb_rmsd_target,bb_rmsd_design_target,bb_target_aligned_rmsd_design,bb_rmsd<2.5,bb_target_aligned<2.5,bb_designability_rmsd_2,bb_designability_rmsd_4,ligand_iptm,interaction_pae,min_interaction_pae,iptm,ptm,protein_iptm,design_iptm,design_iiptm,target_ptm,min_interaction_pae<1.5,min_interaction_pae<2,min_interaction_pae<2.5,min_interaction_pae<3,min_interaction_pae<4,min_interaction_pae<5,design_ptm>80,design_ptm>75,design_iptm>80,design_iptm>70,design_iptm>60,design_iptm>50,design_sasa_unbound_refolded,design_sasa_bound_refolded,plip_saltbridge_refolded,affinity_pred_value,affinity_probability_binary,affinity_probability_binary2,affinity_pred_value2,affinity_pred_value1,affinity_probability_binary1>50,affinity_probability_binary1>75,liability_UnpairedCys_positions,liability_UnpairedCys_num_positions,liability_UnpairedCys_global_details,liability_UnpairedCys_avg_severity,liability_details,filter_rmsd_design,neg_min_design_to_target_pae,neg_design_hydrophobicity,neg_design_largest_hydrophobic_patch_refolded,neg_min_interaction_pae,has_x,num_filters_passed,pass_has_x_filter,pass_filters,pass_filter_rmsd_filter,pass_filter_rmsd_design_filter,pass_designfolding-filter_rmsd_filter,pass_ALA_fraction_filter,pass_GLY_fraction_filter,pass_GLU_fraction_filter,pass_LEU_fraction_filter,pass_VAL_fraction_filter,rank_design_to_target_iptm,rank_design_ptm,rank_neg_min_design_to_target_pae,rank_plip_hbonds_refolded,rank_plip_saltbridge_refolded,rank_delta_sasa_refolded,max_rank,secondary_rank,quality_score,sequence
task-26767580-20_spec_444,1,SAQEILSRFEGTWKLVSSENFEDYLKALGVDEETIKKVSKAKPTVTITVDGEKVTVTYKSDYANTTITFTIGQEFEYTDTVANGRKVKSIATIEDGKLVITQKWDGKSTTIVRSVEGDKLIVELVVGDVVCTNVYERV,SAQEILSRFEGTWKLVSSENFEDYLKALGVDEETIKKVSKAKPTVTITVDGEKVTVTYKSDYANTTITFTIGQEFEYTDTVANGRKVKSIATIEDGKLVITQKWDGKSTTIVRSVEGDKLIVELVVGDVVCTNVYERV,138,0.50669,0.81453,2.0957,0.78047,0.98722,0.70094,3,473.02054,645.7077,50.4854,50.4854,0.27536,0.17391,0.55072,task-26767580-20_spec_444.cif,138,25,163.0,163.0,0.0,0.06522,0.04348,0.00725,0.06522,0.00725,0.13043,0.13768,0.07246,0.02899,0.06522,0.05072,0.0,0.02174,0.0942,0.10145,0.0,0.02899,0.02899,0.03623,0.01449,265,28,25,3,0,0,0,0,1.0,-1,0,0,,8-137,18,,10.0,0,-1,0,0,,,0,,0.0,0,-1,0,0,,,0,,0.0,0,83,2,10,,,0,,0.0,0,-1,0,0,,50-105,3,,10.0,-1,0,0,,,0,,0.0,-1,0,0,,98-124,3,,5.0,0,-1,0,0,,13-104,2,,10.0,131.0,1.0,10.0,,"AspBridge(pos83,sev10); AspCleavex3(pos50-105,sev10); ProtTrypx18(pos8-137,sev10); TrpOxx2(pos13-104,sev10); HydroPatchx3(pos98-124,sev5); UnpairedCys(pos131,sev10)",0.0,0.0,0.0,0.0,0.70094,0.70094,,,,True,False,True,True,0.0,0.0,100000.25,100000.25,0.0,0.72172,0.0,0.0,0.0,0.0,0.0,0.72172,False,False,False,False,False,False,False,False,False,False,False,False,0.98722,0.98722,,,,True,False,True,True,0.81453,8.44888,2.0957,0.81453,0.77828,0.0,0.81453,0.81453,0.86806,False,False,True,True,True,True,False,True,True,True,True,True,477.75259,4.73205,0,0.53733,0.71237,0.91804,0.64992,0.42474,True,False,,,,,,0.98722,-2.0957,-50.4854,-645.7077,-2.0957,False,9,True,True,True,True,True,True,True,True,True,True,59.0,392.0,317.0,271.0,0.5,343.5,392.0,1,1.0,SAQEILSRFEGTWKLVSSENFEDYLKALGVDEETIKKVSKAKPTVTITVDGEKVTVTYKSDYANTTITFTIGQEFEYTDTVANGRKVKSIATIEDGKLVITQKWDGKSTTIVRSVEGDKLIVELVVGDVVCTNVYERV
task-26767580-1_spec_784,2,GLTLVSTEGGATATAEQISPNTLKLEVTLTMASGKKVKVTGIFEKLSDNIIKIVSKDATSTAVVTLDLSTGAATSTGDATATPLGPGRVAVHGTLGGEPVIAIFELKGNNLILEVRDPETGEVIGRNVYELS,GLTLVSTEGGATATAEQISPNTLKLEVTLTMASGKKVKVTGIFEKLSDNIIKIVSKDATSTAVVTLDLSTGAATSTGDATATPLGPGRVAVHGTLGGEPVIAIFELKGNNLILEVRDPETGEVIGRNVYELS,132,0.14642,0.80345,2.06179,0.77738,0.85748,0.78508,3,488.33044,1047.13354,50.4211,50.4211,0.30303,0.0,0.69697,task-26767580-1_spec_784.cif,132,25,157.0,157.0,0.0,0.11364,0.09091,0.0,0.06818,0.03788,0.13636,0.09848,0.06818,0.03788,0.03788,0.10606,0.00758,0.00758,0.07576,0.06061,0.00758,0.01515,0.02273,0.00758,0.0,130,14,12,2,0,0,0,0,,-1,0,0,,24-126,11,,10.0,0,-1,0,0,,,0,,0.0,0,-1,0,0,,,0,,0.0,0,-1,0,0,,,0,,0.0,0,117,2,10,,,0,,0.0,31,1,5,,,0,,0.0,111,3,5,,,0,,0.0,0,-1,0,0,,,0,,0.0,,,,,"AspCleave(pos117,sev10); ProtTrypx11(pos24-126,sev10); MetOx(pos31,sev5); HydroPatch(pos111,sev5)",0.0,0.0,0.0,0.0,0.78508,0.78508,,,,True,False,True,True,0.0,0.0,100000.25,100000.25,0.0,0.75029,0.0,0.0,0.0,0.0,0.0,0.75029,False,False,False,False,False,False,False,True,False,False,False,False,0.85748,0.85748,,,,True,False,True,True,0.80345,8.04789,2.06179,0.80345,0.77663,0.0,0.80345,0.80345,0.88441,False,False,True,True,True,True,False,True,True,True,True,True,498.10678,9.77634,0,0.85371,0.4394,0.73237,0.52564,1.18178,False,False,,,,,,0.85748,-2.06179,-50.4211,-1047.13354,-2.06179,False,9,True,True,True,True,True,True,True,True,True,True,95.0,458.0,285.0,271.0,0.5,50.5,458.0,2,0.9999469158084723,GLTLVSTEGGATATAEQISPNTLKLEVTLTMASGKKVKVTGIFEKLSDNIIKIVSKDATSTAVVTLDLSTGAATSTGDATATPLGPGRVAVHGTLGGEPVIAIFELKGNNLILEVRDPETGEVIGRNVYELS
task-26767580-16_spec_216,3,SVAELLKKFEGTWKLVSSENFEDFLKALGFDEETIEKAAKAKPTLTIKVDGEKITITTKSDFENTTVTFTVGKTQEQTLTIAGKTLKVTEEATVENGELVVTQEWDGKTTTIKRSLEGDKLVVTLTHGDVVCTRVYERV,SVAELLKKFEGTWKLVSSENFEDFLKALGFDEETIEKAAKAKPTLTIKVDGEKITITTKSDFENTTVTFTVGKTQEQTLTIAGKTLKVTEEATVENGELVVTQEWDGKTTTIKRSLEGDKLVVTLTHGDVVCTRVYERV,139,0.28545,0.78245,2.25015,0.77775,1.54734,1.31566,3,490.88745,695.73126,50.4365,50.4365,0.2518,0.15827,0.58993,task-26767580-16_spec_216.cif,139,25,164.0,164.0,0.0,0.06475,0.05036,0.00719,0.03597,0.00719,0.17266,0.10791,0.04317,0.02158,0.05036,0.08633,0.0,0.02158,0.1223,0.11511,0.00719,0.04317,0.02158,0.00719,0.01439,260,27,25,2,0,0,0,0,1.0,-1,0,0,,7-138,19,,10.0,0,-1,0,0,,,0,,0.0,0,-1,0,0,,,0,,0.0,0,96,2,10,,,0,,0.0,0,-1,0,0,,50-106,2,,10.0,-1,0,0,,,0,,0.0,-1,0,0,,99-121,2,,5.0,0,-1,0,0,,13-105,2,,10.0,132.0,1.0,10.0,,"AspBridge(pos96,sev10); AspCleavex2(pos50-106,sev10); ProtTrypx19(pos7-138,sev10); TrpOxx2(pos13-105,sev10); HydroPatchx2(pos99-121,sev5); UnpairedCys(pos132,sev10)",0.0,0.0,0.0,0.0,1.31566,1.31566,,,,True,False,True,True,0.0,0.0,100000.25,100000.25,0.0,0.69694,0.0,0.0,0.0,0.0,0.0,0.69694,False,False,False,False,False,False,False,False,False,False,False,False,1.54734,1.54734,,,,True,False,True,True,0.78245,9.04405,2.25015,0.78245,0.77259,0.0,0.78245,0.78245,0.86123,False,False,True,True,True,True,False,True,False,True,True,True,497.81476,6.9273,0,1.30246,0.36853,0.45162,1.29255,1.31237,False,False,,,,,,1.54734,-2.25015,-50.4365,-695.73126,-2.25015,False,9,True,True,True,True,True,True,True,True,True,True,235.0,449.0,488.0,271.0,0.5,24.0,488.0,3,0.9998938316169445,SVAELLKKFEGTWKLVSSENFEDFLKALGFDEETIEKAAKAKPTLTIKVDGEKITITTKSDFENTTVTFTVGKTQEQTLTIAGKTLKVTEEATVENGELVVTQEWDGKTTTIKRSLEGDKLVVTLTHGDVVCTRVYERV
task-26767580-2_spec_046,4,ETLTVVNKGEGELVSDTTIKQKVEVEGDPAINGTWECKVKKATIEAEIERKWSDGSTDKLEIAEGKTFEYTVLVNQTGEQTIKYAKPFQEKMKAFAEEEVTRKEDGRKGTAKTEIVIEVDPETKKVKREAKTTLTLE,ETLTVVNKGEGELVSDTTIKQKVEVEGDPAINGTWECKVKKATIEAEIERKWSDGSTDKLEIAEGKTFEYTVLVNQTGEQTIKYAKPFQEKMKAFAEEEVTRKEDGRKGTAKTEIVIEVDPETKKVKREAKTTLTLE,137,0.28134,0.7982,2.30641,0.78875,1.03954,0.84463,3,478.72443,543.23962,41.0013,41.0013,0.27737,0.0219,0.70073,task-26767580-2_spec_046.cif,137,25,162.0,162.0,0.0,0.06569,0.06569,0.0073,0.0219,0.0219,0.13139,0.08759,0.05839,0.0219,0.0438,0.0438,0.0073,0.0292,0.16788,0.14599,0.0,0.0219,0.0292,0.0146,0.0146,345,36,33,3,0,0,0,0,1.0,-1,0,0,,8-131,24,,10.0,0,-1,0,0,,,0,,0.0,0,-1,0,0,,,0,,0.0,0,-1,0,0,,32-75,2,,10.0,0,-1,0,0,,28-120,4,,10.0,92,1,5,,,0,,0.0,-1,0,0,,72-115,2,,5.0,0,-1,0,0,,35-52,2,,10.0,37.0,1.0,10.0,,"AspBridgex2(pos32-75,sev10); AspCleavex4(pos28-120,sev10); ProtTrypx24(pos8-131,sev10); MetOx(pos92,sev5); TrpOxx2(pos35-52,sev10); HydroPatchx2(pos72-115,sev5); UnpairedCys(pos37,sev10)",0.0,0.0,0.0,0.0,0.84463,0.84463,,,,True,False,True,True,0.0,0.0,100000.25,100000.25,0.0,0.76105,0.0,0.0,0.0,0.0,0.0,0.76105,False,False,False,False,False,False,False,True,False,False,False,False,1.03954,1.03954,,,,True,False,True,True,0.7982,8.43523,2.30641,0.7982,0.78352,0.0,0.7982,0.7982,0.85846,False,False,True,True,True,True,False,True,False,True,True,True,487.32587,8.60145,0,1.21549,0.35262,0.42389,0.95707,1.47392,False,False,,,,,,1.03954,-2.30641,-41.0013,-543.23962,-2.30641,False,9,True,True,True,True,True,True,True,True,True,True,114.0,248.0,566.0,271.0,0.5,217.0,566.0,4,0.9998407474254167,ETLTVVNKGEGELVSDTTIKQKVEVEGDPAINGTWECKVKKATIEAEIERKWSDGSTDKLEIAEGKTFEYTVLVNQTGEQTIKYAKPFQEKMKAFAEEEVTRKEDGRKGTAKTEIVIEVDPETKKVKREAKTTLTLE
task-26767580-9_spec_475,5,SFIDEAIGDTLTCKLVDSSVPLDLPFSERLKRDGVYTVELTLANGRKFTAKNENKDGVIKGEFEDGTKFTAKLLEGDEDKAIYYVEFENGEKLIVEVTRLSPDTVKAKVTRV,SFIDEAIGDTLTCKLVDSSVPLDLPFSERLKRDGVYTVELTLANGRKFTAKNENKDGVIKGEFEDGTKFTAKLLEGDEDKAIYYVEFENGEKLIVEVTRLSPDTVKAKVTRV,112,0.62526,0.78734,1.74408,0.77865,1.1044,1.12988,6,454.94736,1133.00647,50.6718,50.6718,0.33036,0.08929,0.58036,task-26767580-9_spec_475.cif,112,25,137.0,137.0,0.0,0.07143,0.05357,0.00893,0.04464,0.02679,0.08929,0.09821,0.04464,0.03571,0.08929,0.09821,0.0,0.0,0.10714,0.10714,0.0,0.05357,0.04464,0.02679,0.0,250,26,24,2,0,0,0,0,1.0,-1,0,0,,14-111,17,,10.0,0,-1,0,0,,,0,,0.0,0,-1,0,0,,,0,,0.0,0,-1,0,0,,44-89,2,,10.0,0,-1,0,0,,17-65,4,,10.0,-1,0,0,,,0,,0.0,-1,0,0,,82-93,2,,5.0,0,-1,0,0,,,0,,0.0,13.0,1.0,10.0,,"AspBridgex2(pos44-89,sev10); AspCleavex4(pos17-65,sev10); ProtTrypx17(pos14-111,sev10); HydroPatchx2(pos82-93,sev5); UnpairedCys(pos13,sev10)",0.0,0.0,0.0,0.0,1.12988,1.12988,,,,True,False,True,True,0.0,0.0,100000.25,100000.25,0.0,0.75351,0.0,0.0,0.0,0.0,0.0,0.75351,False,False,False,False,False,False,False,True,False,False,False,False,1.1044,1.1044,,,,True,False,True,True,0.78734,7.95694,1.74408,0.78734,0.77854,0.0,0.78734,0.78734,0.88134,False,True,True,True,True,True,False,True,False,True,True,True,488.94885,34.0015,0,-0.33388,0.80075,0.97623,-0.38921,-0.27855,True,False,,,,,,1.1044,-1.74408,-50.6718,-1133.00647,-1.74408,False,9,True,True,True,True,True,True,True,True,True,True,187.0,426.0,105.0,5.0,0.5,629.5,629.5,5,0.9997876632338889,SFIDEAIGDTLTCKLVDSSVPLDLPFSERLKRDGVYTVELTLANGRKFTAKNENKDGVIKGEFEDGTKFTAKLLEGDEDKAIYYVEFENGEKLIVEVTRLSPDTVKAKVTRV
task-26767580-10_spec_616,6,MTVVLRVTDSEGNVGTVVFKNVEVGKEAKQSSVTGGLTPGTLKALSASPDSLEFTLIGEDGSVATGTVKLGVTSKLTGTPPVEAELLKLE,MTVVLRVTDSEGNVGTVVFKNVEVGKEAKQSSVTGGLTPGTLKALSASPDSLEFTLIGEDGSVATGTVKLGVTSKLTGTPPVEAELLKLE,90,0.1983,0.81397,1.53738,0.76943,0.53876,0.79408,3,456.25589,877.02954,47.2344,47.2344,0.38889,0.0,0.61111,task-26767580-10_spec_616.cif,90,25,115.0,115.0,0.0,0.12222,0.05556,0.0,0.08889,0.04444,0.13333,0.14444,0.01111,0.02222,0.03333,0.12222,0.01111,0.01111,0.08889,0.07778,0.0,0.02222,0.01111,0.0,0.0,125,14,11,3,0,0,0,0,,-1,0,0,,6-88,8,,10.0,0,-1,0,0,,,0,,0.0,0,-1,0,0,,,0,,0.0,0,-1,0,0,,,0,,0.0,0,-1,0,0,,9-60,3,,10.0,1,1,5,,,0,,0.0,-1,0,0,,3-17,2,,5.0,0,-1,0,0,,,0,,0.0,,,,,"AspCleavex3(pos9-60,sev10); ProtTrypx8(pos6-88,sev10); MetOx(pos1,sev5); HydroPatchx2(pos3-17,sev5)",0.0,0.0,0.0,0.0,0.79408,0.79408,,,,True,False,True,True,0.0,0.0,100000.25,100000.25,0.0,0.73391,0.0,0.0,0.0,0.0,0.0,0.73391,False,False,False,False,False,False,False,False,False,False,False,False,0.53876,0.53876,,,,True,False,True,True,0.81397,7.65828,1.53738,0.81397,0.77911,0.0,0.81397,0.81397,0.8552,False,True,True,True,True,True,False,True,True,True,True,True,486.33539,30.0795,0,0.67105,0.58743,0.97656,-0.43479,1.77689,False,False,,,,,,0.53876,-1.53738,-47.2344,-877.02954,-1.53738,False,9,True,True,True,True,True,True,True,True,True,True,62.0,651.0,40.0,271.0,0.5,619.5,651.0,6,0.9997345790423612,MTVVLRVTDSEGNVGTVVFKNVEVGKEAKQSSVTGGLTPGTLKALSASPDSLEFTLIGEDGSVATGTVKLGVTSKLTGTPPVEAELLKLE
task-26767580-17_spec_107,7,MLTLPGLVEALTAVLEQHRDRLPAAMVEALEEAIACLRRIAEVASPEEQELLCKRVTESLPALRAAIEAKDLDGYEAIVTETTDEIIAASTNPALREALRALQAALKRAVEVARADPEPFFEFQRALLDALEAL,MLTLPGLVEALTAVLEQHRDRLPAAMVEALEEAIACLRRIAEVASPEEQELLCKRVTESLPALRAAIEAKDLDGYEAIVTETTDEIIAASTNPALREALRALQAALKRAVEVARADPEPFFEFQRALLDALEAL,134,0.34501,0.78927,2.39733,0.81121,0.58581,0.55069,3,489.22882,1998.89502,58.0031,58.0031,0.12687,0.87313,0.0,task-26767580-17_spec_107.cif,134,25,159.0,159.0,0.0,0.01493,0.20149,0.01493,0.02239,0.05224,0.05224,0.0597,0.04478,0.00746,0.04478,0.15672,0.01493,0.02985,0.14179,0.02239,0.00746,0.02239,0.08209,0.00746,0.0,170,18,16,2,0,0,0,0,,-1,0,0,,19-125,14,,10.0,0,-1,0,0,,,0,,0.0,0,-1,0,0,,,0,,0.0,0,-1,0,0,,,0,,0.0,0,-1,0,0,,73-116,2,,10.0,-1,0,0,,1-26,2,,5.0,-1,0,0,,,0,,0.0,0,-1,0,0,,,0,,0.0,,,,,"AspCleavex2(pos73-116,sev10); ProtTrypx14(pos19-125,sev10); MetOxx2(pos1-26,sev5)",0.0,0.0,0.0,0.0,0.55069,0.55069,,,,True,False,True,True,0.0,0.0,100000.25,100000.25,0.0,0.82993,0.0,0.0,0.0,0.0,0.0,0.82993,False,False,False,False,False,False,True,True,False,False,False,False,0.58581,0.58581,,,,True,False,True,True,0.78927,8.46722,2.39733,0.78927,0.80388,0.0,0.78927,0.78927,0.88653,False,False,True,True,True,True,True,True,False,True,True,True,492.66641,3.43758,0,-0.68774,0.66615,0.98729,-1.01851,-0.35698,False,False,,,,,,0.58581,-2.39733,-58.0031,-1998.89502,-2.39733,False,9,True,True,True,True,True,True,True,True,True,True,169.0,68.0,731.0,271.0,0.5,39.0,731.0,7,0.9996814948508335,MLTLPGLVEALTAVLEQHRDRLPAAMVEALEEAIACLRRIAEVASPEEQELLCKRVTESLPALRAAIEAKDLDGYEAIVTETTDEIIAASTNPALREALRALQAALKRAVEVARADPEPFFEFQRALLDALEAL
task-26767580-5_spec_040,8,TDILNGKWTAELTVEFLSDPNSDVRKIKWTGTVTRHGKEYKLEGEAEVIREDGKTKYKAKVKTDEYSLDYEGESTKDFRDLKEGQVFKNIGTGTLTVNGKKYKVRVEAENKVLEKEKLDETTYKVKTEGTNTVTVL,TDILNGKWTAELTVEFLSDPNSDVRKIKWTGTVTRHGKEYKLEGEAEVIREDGKTKYKAKVKTDEYSLDYEGESTKDFRDLKEGQVFKNIGTGTLTVNGKKYKVRVEAENKVLEKEKLDETTYKVKTEGTNTVTVL,136,0.35676,0.79626,1.97571,0.80436,0.78418,0.89431,3,441.31653,494.89261,40.9958,40.9958,0.22794,0.04412,0.72794,task-26767580-5_spec_040.cif,136,25,161.0,161.0,0.0,0.08088,0.02941,0.0,0.02941,0.00735,0.13235,0.09559,0.02941,0.04412,0.06618,0.07353,0.0,0.00735,0.125,0.15441,0.00735,0.02206,0.03676,0.04412,0.01471,330,33,33,0,0,0,0,0,,-1,0,0,,7-126,26,,10.0,0,-1,0,0,,,0,,0.0,0,-1,0,0,,,0,,0.0,0,-1,0,0,,5-98,3,,10.0,0,-1,0,0,,19-52,2,,10.0,-1,0,0,,,0,,0.0,-1,0,0,,,0,,0.0,0,-1,0,0,,8-29,2,,10.0,,,,,"AspBridgex3(pos5-98,sev10); AspCleavex2(pos19-52,sev10); ProtTrypx26(pos7-126,sev10); TrpOxx2(pos8-29,sev10)",0.0,0.0,0.0,0.0,0.89431,0.89431,,,,True,False,True,True,0.0,0.0,100000.25,100000.25,0.0,0.77064,0.0,0.0,0.0,0.0,0.0,0.77064,False,False,False,False,False,False,False,True,False,False,False,False,0.78418,0.78418,,,,True,False,True,True,0.79626,8.63852,1.97571,0.79626,0.80116,0.0,0.79626,0.79626,0.85149,False,True,True,True,True,True,True,True,False,True,True,True,484.23074,42.91422,0,1.57994,0.37576,0.39476,2.13425,1.02563,False,False,,,,,,0.78418,-1.97571,-40.9958,-494.89261,-1.97571,False,9,True,True,True,True,True,True,True,True,True,True,125.0,98.0,226.0,271.0,0.5,745.5,745.5,8,0.9996284106593056,TDILNGKWTAELTVEFLSDPNSDVRKIKWTGTVTRHGKEYKLEGEAEVIREDGKTKYKAKVKTDEYSLDYEGESTKDFRDLKEGQVFKNIGTGTLTVNGKKYKVRVEAENKVLEKEKLDETTYKVKTEGTNTVTVL
task-26767580-14_spec_228,9,MEMPKVGEIVTLKVKLLKVLSIKILSDKLSKEALEAFVDSAIGKTSILELRVLSHTETTLTGEVLKLTVDGKVFKAPFTLPDGVKVNLINTWTLKEGPFAVGRKNKAIVKVKVYDEDGKLVAEVTLEQEIEVLDFRKP,MEMPKVGEIVTLKVKLLKVLSIKILSDKLSKEALEAFVDSAIGKTSILELRVLSHTETTLTGEVLKLTVDGKVFKAPFTLPDGVKVNLINTWTLKEGPFAVGRKNKAIVKVKVYDEDGKLVAEVTLEQEIEVLDFRKP,138,0.18733,0.7873,2.36105,0.7652,0.62308,0.79841,3,470.78494,1661.28687,60.1556,60.1556,0.38406,0.06522,0.55072,task-26767580-14_spec_228.cif,138,25,163.0,163.0,0.0,0.05797,0.05072,0.0,0.04348,0.03623,0.07971,0.13043,0.05797,0.02174,0.05072,0.13768,0.01449,0.00725,0.0942,0.13768,0.00725,0.03623,0.02174,0.00725,0.00725,280,29,27,2,0,0,0,0,,-1,0,0,,5-137,22,,10.0,0,-1,0,0,,,0,,0.0,0,-1,0,0,,,0,,0.0,0,-1,0,0,,,0,,0.0,0,-1,0,0,,39-117,4,,10.0,-1,0,0,,1-3,2,,5.0,-1,0,0,,,0,,0.0,0,92,1,10,,,0,,0.0,,,,,"AspCleavex4(pos39-117,sev10); ProtTrypx22(pos5-137,sev10); MetOxx2(pos1-3,sev5); TrpOx(pos92,sev10)",0.0,0.0,0.0,0.0,0.79841,0.79841,,,,True,False,True,True,0.0,0.0,100000.25,100000.25,0.0,0.75867,0.0,0.0,0.0,0.0,0.0,0.75867,False,False,False,False,False,False,False,True,False,False,False,False,0.62308,0.62308,,,,True,False,True,True,0.7873,9.3937,2.36105,0.7873,0.76242,0.0,0.7873,0.7873,0.83655,False,False,True,True,True,True,False,True,False,True,True,True,480.84851,10.06357,0,1.22182,0.24778,0.30824,1.4689,0.97473,False,False,,,,,,0.62308,-2.36105,-60.1556,-1661.28687,-2.36105,False,9,True,True,True,True,True,True,True,True,True,True,188.0,782.0,661.0,271.0,0.5,393.0,782.0,9,0.9995753264677779,MEMPKVGEIVTLKVKLLKVLSIKILSDKLSKEALEAFVDSAIGKTSILELRVLSHTETTLTGEVLKLTVDGKVFKAPFTLPDGVKVNLINTWTLKEGPFAVGRKNKAIVKVKVYDEDGKLVAEVTLEQEIEVLDFRKP
task-26767580-13_spec_116,10,GLERFVGTWELVSSENVDEYIKVKVPEERREHALKVASAKATVTIELDGDKITLTTENDVKTTTTTFTLGVEFENTTADGLKVKSLLTWGEEPGVLVETRKWDGKTTTILRKLEGDKLVVEDIFGDVVATEVYERV,GLERFVGTWELVSSENVDEYIKVKVPEERREHALKVASAKATVTIELDGDKITLTTENDVKTTTTTFTLGVEFENTTADGLKVKSLLTWGEEPGVLVETRKWDGKTTTILRKLEGDKLVVEDIFGDVVATEVYERV,136,0.4924,0.79052,2.42148,0.76793,0.83912,0.76494,6,436.73068,681.71149,53.2014,53.2014,0.27206,0.17647,0.55147,task-26767580-13_spec_116.cif,136,25,161.0,161.0,0.0,0.07353,0.04412,0.0,0.02941,0.01471,0.14706,0.13235,0.03676,0.02206,0.06618,0.09559,0.0,0.0,0.13235,0.08824,0.00735,0.02941,0.04412,0.01471,0.02206,250,26,24,2,0,0,0,0,,-1,0,0,,4-135,18,,10.0,0,-1,0,0,,,0,,0.0,0,-1,0,0,,,0,,0.0,0,-1,0,0,,,0,,0.0,0,-1,0,0,,48-103,3,,10.0,-1,0,0,,,0,,0.0,-1,0,0,,95-118,2,,5.0,0,-1,0,0,,9-102,3,,10.0,,,,,"AspCleavex3(pos48-103,sev10); ProtTrypx18(pos4-135,sev10); TrpOxx3(pos9-102,sev10); HydroPatchx2(pos95-118,sev5)",0.0,0.0,0.0,0.0,0.76494,0.76494,,,,True,False,True,True,0.0,0.0,100000.25,100000.25,0.0,0.688,0.0,0.0,0.0,0.0,0.0,0.688,False,False,False,False,False,False,False,False,False,False,False,False,0.83912,0.83912,,,,True,False,True,True,0.79052,8.32463,2.42148,0.79052,0.76478,0.0,0.79052,0.79052,0.87386,False,False,True,True,True,True,False,True,False,True,True,True,482.77866,46.04796,0,1.62543,0.44861,0.40482,1.42806,1.82279,False,False,,,,,,0.83912,-2.42148,-53.2014,-681.71149,-2.42148,False,9,True,True,True,True,True,True,True,True,True,True,160.0,695.0,785.0,5.0,0.5,780.5,785.0,10,0.9995222422762501,GLERFVGTWELVSSENVDEYIKVKVPEERREHALKVASAKATVTIELDGDKITLTTENDVKTTTTTFTLGVEFENTTADGLKVKSLLTWGEEPGVLVETRKWDGKTTTILRKLEGDKLVVEDIFGDVVATEVYERV
task-26767580-10_spec_962,11,GEELRGLIVEGAGEGVGQGPDGILDKYGEQGIKAGIGLGRTLRRRGLSLEEIRELLRCLTYAGTKHGKCAGKKTCTISELAESTVDAYENHRDEAISVPLSVGEKLALEAAQ,GEELRGLIVEGAGEGVGQGPDGILDKYGEQGIKAGIGLGRTLRRRGLSLEEIRELLRCLTYAGTKHGKCAGKKTCTISELAESTVDAYENHRDEAISVPLSVGEKLALEAAQ,112,0.23301,0.86985,1.25838,0.84186,0.86175,0.84141,2,481.47955,833.37793,42.8704,42.8704,0.25893,0.6875,0.05357,task-26767580-10_spec_962.cif,112,25,137.0,137.0,0.0,0.16071,0.08929,0.02679,0.04464,0.01786,0.05357,0.04464,0.0625,0.00893,0.03571,0.125,0.0,0.02679,0.125,0.0625,0.01786,0.0,0.07143,0.02679,0.0,195,20,19,1,0,0,0,0,3.0,-1,0,0,,5-105,15,,10.0,0,-1,0,0,,,0,,0.0,0,-1,0,0,,,0,,0.0,0,-1,0,0,,,0,,0.0,0,21,2,10,,,0,,0.0,-1,0,0,,,0,,0.0,7,3,5,,,0,,0.0,0,-1,0,0,,,0,,0.0,,,,,"AspCleave(pos21,sev10); ProtTrypx15(pos5-105,sev10); HydroPatch(pos7,sev5); UnpairedCysx3(pos58-75,sev10)",0.0,0.0,0.0,0.0,0.84141,0.84141,,,,True,False,True,True,0.0,0.0,100000.25,100000.25,0.0,0.76919,0.0,0.0,0.0,0.0,0.0,0.76919,False,False,False,False,False,False,False,True,False,False,False,False,0.86175,0.86175,,,,True,False,True,True,0.86985,7.25743,1.25838,0.86985,0.84096,0.0,0.86985,0.86985,0.89816,True,True,True,True,True,True,True,True,True,True,True,True,486.88873,5.40917,0,0.74722,0.45416,0.67531,0.79667,0.69777,False,False,58-75,3.0,,10.0,,0.86175,-1.25838,-42.8704,-833.37793,-1.25838,False,9,True,True,True,True,True,True,True,True,True,True,2.0,5.0,8.0,807.5,0.5,152.5,807.5,11,0.9994691580847224,GEELRGLIVEGAGEGVGQGPDGILDKYGEQGIKAGIGLGRTLRRRGLSLEEIRELLRCLTYAGTKHGKCAGKKTCTISELAESTVDAYENHRDEAISVPLSVGEKLALEAAQ
task-26767580-8_spec_339,12,SAFQQKLQELLKLVERVCERLRELGVPEELVNRLLDLTKRMTELTQQVVELVPQLEEPLLELQEKVLPLLEKAAETGDLTPLIEANKLAIEELKKLLEEHPDLPEEAKALINEIIKLNEELLKILEEIRALL,SAFQQKLQELLKLVERVCERLRELGVPEELVNRLLDLTKRMTELTQQVVELVPQLEEPLLELQEKVLPLLEKAAETGDLTPLIEANKLAIEELKKLLEEHPDLPEEAKALINEIIKLNEELLKILEEIRALL,132,0.17653,0.8461,1.76826,0.81894,0.52973,0.5201,2,489.34552,1464.25732,67.0153,67.0153,0.11364,0.88636,0.0,task-26767580-8_spec_339.cif,132,25,157.0,157.0,0.0,0.01515,0.06061,0.00758,0.00758,0.05303,0.03788,0.06061,0.05303,0.0303,0.02273,0.25,0.00758,0.05303,0.19697,0.08333,0.00758,0.00758,0.04545,0.0,0.0,185,19,18,1,0,0,0,0,1.0,-1,0,0,,6-129,17,,10.0,0,-1,0,0,,,0,,0.0,0,-1,0,0,,,0,,0.0,0,-1,0,0,,,0,,0.0,0,-1,0,0,,,0,,0.0,41,1,5,,,0,,0.0,-1,0,0,,,0,,0.0,0,-1,0,0,,,0,,0.0,18.0,1.0,10.0,,"ProtTrypx17(pos6-129,sev10); MetOx(pos41,sev5); UnpairedCys(pos18,sev10)",0.0,0.0,0.0,0.0,0.5201,0.5201,,,,True,False,True,True,0.0,0.0,100000.25,100000.25,0.0,0.83551,0.0,0.0,0.0,0.0,0.0,0.83551,False,False,False,False,False,False,True,True,False,False,False,False,0.52973,0.52973,,,,True,False,True,True,0.8461,7.78392,1.76826,0.8461,0.82163,0.0,0.8461,0.8461,0.86711,False,True,True,True,True,True,True,True,True,True,True,True,489.34552,0.0,0,0.6403,0.30607,0.43561,0.89456,0.38604,False,False,,,,,,0.52973,-1.76826,-67.0153,-1464.25732,-1.76826,False,9,True,True,True,True,True,True,True,True,True,True,9.0,37.0,113.0,807.5,0.5,37.5,807.5,11,0.9994160738931946,SAFQQKLQELLKLVERVCERLRELGVPEELVNRLLDLTKRMTELTQQVVELVPQLEEPLLELQEKVLPLLEKAAETGDLTPLIEANKLAIEELKKLLEEHPDLPEEAKALINEIIKLNEELLKILEEIRALL
task-26767580-12_spec_279,13,APSLVELMQAMLEAIQAVLDAHDVPADIRTPLLAAQRAALEAARRLEALSPEAAARLREAFLECVRLIRQTGRLQPDEILAIINKTLEELKKLYPDDAELQAVLDEMKACAEQAAAANKALQAAKPDVAAAIAAAVAAL,APSLVELMQAMLEAIQAVLDAHDVPADIRTPLLAAQRAALEAARRLEALSPEAAARLREAFLECVRLIRQTGRLQPDEILAIINKTLEELKKLYPDDAELQAVLDEMKACAEQAAAANKALQAAKPDVAAAIAAAVAAL,139,0.3392,0.83249,1.8843,0.78841,1.14901,0.71341,2,479.10117,1782.6189,54.7747,54.7747,0.14388,0.85612,0.0,task-26767580-12_spec_279.cif,139,25,164.0,164.0,0.0,0.00719,0.26619,0.01439,0.01439,0.05036,0.02158,0.05036,0.05036,0.01439,0.05755,0.15108,0.02158,0.05755,0.09353,0.04317,0.00719,0.00719,0.06475,0.00719,0.0,170,19,15,4,0,0,0,0,,-1,0,0,,29-125,15,,10.0,0,-1,0,0,,,0,,0.0,0,1,1,5,,,0,,0.0,0,-1,0,0,,,0,,0.0,0,-1,0,0,,,0,,0.0,-1,0,0,,8-107,3,,5.0,-1,0,0,,,0,,0.0,0,-1,0,0,,,0,,0.0,,,,,"ProtTrypx15(pos29-125,sev10); DPP4(pos1,sev5); MetOxx3(pos8-107,sev5)",0.0,0.0,0.0,0.0,0.71341,0.71341,,,,True,False,True,True,0.0,0.0,100000.25,100000.25,0.0,0.77943,0.0,0.0,0.0,0.0,0.0,0.77943,False,False,False,False,False,False,False,True,False,False,False,False,1.14901,1.14901,,,,True,False,True,True,0.83249,7.83216,1.8843,0.83249,0.78581,0.0,0.83249,0.83249,0.88265,False,True,True,True,True,True,False,True,True,True,True,True,481.01273,1.91156,0,0.66937,0.32734,0.31547,1.32156,0.01718,False,False,,,,,,1.14901,-1.8843,-54.7747,-1782.6189,-1.8843,False,9,True,True,True,True,True,True,True,True,True,True,18.0,252.0,183.0,807.5,0.5,207.0,807.5,11,0.9993629897016668,APSLVELMQAMLEAIQAVLDAHDVPADIRTPLLAAQRAALEAARRLEALSPEAAARLREAFLECVRLIRQTGRLQPDEILAIINKTLEELKKLYPDDAELQAVLDEMKACAEQAAAANKALQAAKPDVAAAIAAAVAAL
task-26767580-8_spec_132,14,GAALAAVIAATDELIKYCTENPEYDAVFRELAPTVLKLLEAAKNKEELIAAANESLELFEKLVKDPEFLALVRRLIDALKEVIKEATDEQLKKLKEIVLNSVNLILNGASAVEALQALRAGLEELAAL,GAALAAVIAATDELIKYCTENPEYDAVFRELAPTVLKLLEAAKNKEELIAAANESLELFEKLVKDPEFLALVRRLIDALKEVIKEATDEQLKKLKEIVLNSVNLILNGASAVEALQALRAGLEELAAL,128,0.16509,0.82957,2.00216,0.84383,0.57535,0.72436,2,475.10651,1760.66406,61.5314,61.5314,0.125,0.875,0.0,task-26767580-8_spec_132.cif,128,25,153.0,153.0,0.0,0.02344,0.17969,0.00781,0.02344,0.02344,0.03125,0.07031,0.05469,0.04688,0.03906,0.1875,0.0,0.01562,0.14062,0.08594,0.0,0.02344,0.03125,0.01562,0.0,200,21,19,2,0,0,0,0,1.0,-1,0,0,,16-119,15,,10.0,0,-1,0,0,,,0,,0.0,0,-1,0,0,,,0,,0.0,0,-1,0,0,,100-107,2,,10.0,0,65,2,10,,,0,,0.0,-1,0,0,,,0,,0.0,-1,0,0,,97-104,2,,5.0,0,-1,0,0,,,0,,0.0,18.0,1.0,10.0,,"AspBridgex2(pos100-107,sev10); AspCleave(pos65,sev10); ProtTrypx15(pos16-119,sev10); HydroPatchx2(pos97-104,sev5); UnpairedCys(pos18,sev10)",0.0,0.0,0.0,0.0,0.72436,0.72436,,,,True,False,True,True,0.0,0.0,100000.25,100000.25,0.0,0.83915,0.0,0.0,0.0,0.0,0.0,0.83915,False,False,False,False,False,False,True,True,False,False,False,False,0.57535,0.57535,,,,True,False,True,True,0.82957,7.55772,2.00216,0.82957,0.83744,0.0,0.82957,0.82914,0.89587,False,False,True,True,True,True,True,True,True,True,True,True,479.38351,4.27702,0,1.52409,0.20614,0.24719,1.55505,1.49314,False,False,,,,,,0.57535,-2.00216,-61.5314,-1760.66406,-2.00216,False,9,True,True,True,True,True,True,True,True,True,True,20.0,3.0,241.0,807.5,0.5,294.5,807.5,11,0.9993099055101391,GAALAAVIAATDELIKYCTENPEYDAVFRELAPTVLKLLEAAKNKEELIAAANESLELFEKLVKDPEFLALVRRLIDALKEVIKEATDEQLKKLKEIVLNSVNLILNGASAVEALQALRAGLEELAAL
task-26767580-16_spec_186,15,SAAETAAALAPFVGTWELVSSENFEDYLKAVGVDEETRKELSKAKPTVTISQDGTTITVKVESDFKNTEITFTLGQEFDYTTADGRKVKSIATLEDGVLIVKQEWDGKSTTIKKKLEGDKLIVEDIVGDVVCTLVYERK,SAAETAAALAPFVGTWELVSSENFEDYLKAVGVDEETRKELSKAKPTVTISQDGTTITVKVESDFKNTEITFTLGQEFDYTTADGRKVKSIATLEDGVLIVKQEWDGKSTTIKKKLEGDKLIVEDIVGDVVCTLVYERK,139,0.45244,0.8266,1.8144,0.78887,0.91079,0.62101,2,447.21542,1152.16541,50.6531,50.6531,0.26619,0.18705,0.54676,task-26767580-16_spec_186.cif,139,25,164.0,164.0,0.0,0.06475,0.07194,0.00719,0.05755,0.01439,0.1223,0.10791,0.05755,0.01439,0.07914,0.07194,0.0,0.02158,0.10791,0.10791,0.0,0.03597,0.02158,0.02158,0.01439,255,27,24,3,0,0,0,0,1.0,-1,0,0,,29-138,17,,10.0,0,-1,0,0,,,0,,0.0,0,-1,0,0,,,0,,0.0,0,-1,0,0,,,0,,0.0,0,-1,0,0,,53-106,4,,10.0,-1,0,0,,,0,,0.0,-1,0,0,,98-134,3,,5.0,0,-1,0,0,,16-105,2,,10.0,132.0,1.0,10.0,,"AspCleavex4(pos53-106,sev10); ProtTrypx17(pos29-138,sev10); TrpOxx2(pos16-105,sev10); HydroPatchx3(pos98-134,sev5); UnpairedCys(pos132,sev10)",0.0,0.0,0.0,0.0,0.62101,0.62101,,,,True,False,True,True,0.0,0.0,100000.25,100000.25,0.0,0.74222,0.0,0.0,0.0,0.0,0.0,0.74222,False,False,False,False,False,False,False,False,False,False,False,False,0.91079,0.91079,,,,True,False,True,True,0.8266,8.68476,1.8144,0.8266,0.78428,0.0,0.8266,0.8266,0.86465,False,True,True,True,True,True,False,True,True,True,True,True,487.65582,40.4404,0,1.25829,0.53473,0.61701,1.39507,1.12151,False,False,,,,,,0.91079,-1.8144,-50.6531,-1152.16541,-1.8144,False,9,True,True,True,True,True,True,True,True,True,True,28.0,246.0,135.0,807.5,0.5,704.0,807.5,11,0.9992568213186113,SAAETAAALAPFVGTWELVSSENFEDYLKAVGVDEETRKELSKAKPTVTISQDGTTITVKVESDFKNTEITFTLGQEFDYTTADGRKVKSIATLEDGVLIVKQEWDGKSTTIKKKLEGDKLIVEDIVGDVVCTLVYERK
task-26767580-8_spec_528,16,AVTGTQVATLKGNVLTITTKGIPAEYLEGTLTLLDANGNVLGSFELKEGKTSTVTTPEATVTATLEGDTLTTTVTFAKPVTSATLKIVPAGKTTGQGTVVASNGTTLIGVLKRKAGSITSEGEVTVEDGTSATTTITYE,AVTGTQVATLKGNVLTITTKGIPAEYLEGTLTLLDANGNVLGSFELKEGKTSTVTTPEATVTATLEGDTLTTTVTFAKPVTSATLKIVPAGKTTGQGTVVASNGTTLIGVLKRKAGSITSEGEVTVEDGTSATTTITYE,139,0.13136,0.82145,1.54665,0.77387,0.64753,1.16518,2,485.91779,1014.08917,46.0065,46.0065,0.33813,0.02158,0.64029,task-26767580-8_spec_528.cif,139,25,164.0,164.0,0.0,0.11511,0.08633,0.0,0.05036,0.02878,0.2446,0.10072,0.04317,0.02878,0.02158,0.09353,0.0,0.01439,0.07194,0.06475,0.0,0.01439,0.00719,0.01439,0.0,135,14,13,1,0,0,0,0,,-1,0,0,,11-114,10,,10.0,0,-1,0,0,,,0,,0.0,0,1,1,5,,,0,,0.0,0,-1,0,0,,37-103,2,,10.0,0,128,2,10,,,0,,0.0,-1,0,0,,,0,,0.0,-1,0,0,,,0,,0.0,0,-1,0,0,,,0,,0.0,,,,,"AspBridgex2(pos37-103,sev10); AspCleave(pos128,sev10); ProtTrypx10(pos11-114,sev10); DPP4(pos1,sev5)",0.0,0.0,0.0,0.0,1.16518,1.16518,,,,True,False,True,True,0.0,0.0,100000.25,100000.25,0.0,0.75362,0.0,0.0,0.0,0.0,0.0,0.75362,False,False,False,False,False,False,False,True,False,False,False,False,0.64753,0.64753,,,,True,False,True,True,0.82145,8.0471,1.54665,0.82145,0.77238,0.0,0.82145,0.82145,0.86432,False,True,True,True,True,True,False,True,True,True,True,True,487.25711,1.33932,0,1.24686,0.36415,0.59694,1.43795,1.05576,False,False,,,,,,0.64753,-1.54665,-46.0065,-1014.08917,-1.54665,False,9,True,True,True,True,True,True,True,True,True,True,43.0,534.0,43.0,807.5,0.5,76.5,807.5,11,0.9992037371270835,AVTGTQVATLKGNVLTITTKGIPAEYLEGTLTLLDANGNVLGSFELKEGKTSTVTTPEATVTATLEGDTLTTTVTFAKPVTSATLKIVPAGKTTGQGTVVASNGTTLIGVLKRKAGSITSEGEVTVEDGTSATTTITYE
task-26767580-3_spec_316,17,SEALAFLQALLEAVKKALEILEAAPDPVEALAEAAKVVAELVAPFCPKFAEACLKRAEAYKAGDYEAAAEYAIEAGKVVAEKLESLGLPEVAAAVLKMCTKAAEALKKGKVEEARKLILEGLKELIPLLEAAIAAL,SEALAFLQALLEAVKKALEILEAAPDPVEALAEAAKVVAELVAPFCPKFAEACLKRAEAYKAGDYEAAAEYAIEAGKVVAEKLESLGLPEVAAAVLKMCTKAAEALKKGKVEEARKLILEGLKELIPLLEAAIAAL,136,0.30939,0.81943,2.22552,0.7961,0.4548,0.44374,2,482.58875,2003.98389,57.8521,57.8521,0.13235,0.86765,0.0,task-26767580-3_spec_316.cif,136,25,161.0,161.0,0.0,0.03676,0.25735,0.02206,0.01471,0.04412,0.00735,0.07353,0.03676,0.0,0.01471,0.15441,0.00735,0.00735,0.15441,0.11029,0.0,0.02206,0.01471,0.02206,0.0,220,23,21,2,0,0,0,0,3.0,-1,0,0,,15-123,17,,10.0,0,-1,0,0,,,0,,0.0,0,-1,0,0,,,0,,0.0,0,-1,0,0,,,0,,0.0,0,26,2,10,,,0,,0.0,98,1,5,,,0,,0.0,117,3,5,,,0,,0.0,0,-1,0,0,,,0,,0.0,,,,,"AspCleave(pos26,sev10); ProtTrypx17(pos15-123,sev10); MetOx(pos98,sev5); HydroPatch(pos117,sev5); UnpairedCysx3(pos46-99,sev10)",0.0,0.0,0.0,0.0,0.44374,0.44374,,,,True,False,True,True,0.0,0.0,100000.25,100000.25,0.0,0.83471,0.0,0.0,0.0,0.0,0.0,0.83471,False,False,False,False,False,False,True,True,False,False,False,False,0.4548,0.4548,,,,True,False,True,True,0.81943,7.48711,2.22552,0.81943,0.79601,0.0,0.81943,0.81943,0.89324,False,False,True,True,True,True,False,True,True,True,True,True,483.62161,1.03286,0,0.96286,0.36087,0.41235,0.5093,1.41642,False,False,46-99,3.0,,10.0,,0.4548,-2.22552,-57.8521,-2003.98389,-2.22552,False,9,True,True,True,True,True,True,True,True,True,True,50.0,165.0,460.0,807.5,0.5,132.5,807.5,11,0.9991506529355558,SEALAFLQALLEAVKKALEILEAAPDPVEALAEAAKVVAELVAPFCPKFAEACLKRAEAYKAGDYEAAAEYAIEAGKVVAEKLESLGLPEVAAAVLKMCTKAAEALKKGKVEEARKLILEGLKELIPLLEAAIAAL
task-26767580-7_spec_258,18,SAETNEILNKFTGTWKLVSSENFDDYMAAIGVDEESRKQMSKAKPTVTIKVNGEEITITIKSSFKNITITFKLGEEFENTTADGRKVKSIVTLEDGVLVITQKWDGKTTTIKKKLEGDKLIVEDVVGDVVCTRVYERV,SAETNEILNKFTGTWKLVSSENFDDYMAAIGVDEESRKQMSKAKPTVTIKVNGEEITITIKSSFKNITITFKLGEEFENTTADGRKVKSIVTLEDGVLVITQKWDGKTTTIKKKLEGDKLIVEDVVGDVVCTRVYERV,138,0.40602,0.81368,1.94601,0.79038,0.87329,1.06563,2,437.05042,793.93817,50.0098,50.0098,0.26812,0.18116,0.55072,task-26767580-7_spec_258.cif,138,25,163.0,163.0,0.0,0.06522,0.03623,0.00725,0.05797,0.00725,0.12319,0.1087,0.08696,0.04348,0.06522,0.05072,0.01449,0.01449,0.10145,0.12319,0.0,0.03623,0.02899,0.01449,0.01449,300,32,28,4,0,0,0,0,1.0,-1,0,0,,10-137,21,,10.0,0,-1,0,0,,,0,,0.0,0,-1,0,0,,,0,,0.0,0,52,2,10,,,0,,0.0,0,-1,0,0,,83-105,3,,10.0,-1,0,0,,27-40,2,,5.0,-1,0,0,,97-120,2,,5.0,0,-1,0,0,,15-104,2,,10.0,131.0,1.0,10.0,,"AspBridge(pos52,sev10); AspCleavex3(pos83-105,sev10); ProtTrypx21(pos10-137,sev10); MetOxx2(pos27-40,sev5); TrpOxx2(pos15-104,sev10); HydroPatchx2(pos97-120,sev5); UnpairedCys(pos131,sev10)",0.0,0.0,0.0,0.0,1.06563,1.06563,,,,True,False,True,True,0.0,0.0,100000.25,100000.25,0.0,0.73225,0.0,0.0,0.0,0.0,0.0,0.73225,False,False,False,False,False,False,False,False,False,False,False,False,0.87329,0.87329,,,,True,False,True,True,0.81368,8.69963,1.94601,0.81368,0.78537,0.0,0.81368,0.81368,0.84909,False,True,True,True,True,True,False,True,True,True,True,True,481.95578,44.90536,0,0.99683,0.59973,0.79344,0.87687,1.11679,False,False,,,,,,0.87329,-1.94601,-50.0098,-793.93817,-1.94601,False,9,True,True,True,True,True,True,True,True,True,True,65.0,230.0,210.0,807.5,0.5,776.5,807.5,11,0.999097568744028,SAETNEILNKFTGTWKLVSSENFDDYMAAIGVDEESRKQMSKAKPTVTIKVNGEEITITIKSSFKNITITFKLGEEFENTTADGRKVKSIVTLEDGVLVITQKWDGKTTTIKKKLEGDKLIVEDVVGDVVCTRVYERV
task-26767580-17_spec_128,19,SEMVQEVSELARKLGRLLQQKFGVPPELQRRCVETAVEVARLVAELSKEALEALREALKAALALLEAGTGTMEGVAQLALEGGLKVAEILELPEEVIKQVKEHFTKGIELAKKGDYTGAAEHMLKGLEVLLEALRKQA,SEMVQEVSELARKLGRLLQQKFGVPPELQRRCVETAVEVARLVAELSKEALEALREALKAALALLEAGTGTMEGVAQLALEGGLKVAEILELPEEVIKQVKEHFTKGIELAKKGDYTGAAEHMLKGLEVLLEALRKQA,138,0.26459,0.81291,2.27251,0.81306,0.62655,0.64047,2,479.21771,1258.52393,54.9374,54.9374,0.12319,0.87681,0.0,task-26767580-17_spec_128.cif,138,25,163.0,163.0,0.0,0.07971,0.13768,0.00725,0.02174,0.02174,0.03623,0.08696,0.02174,0.0,0.00725,0.17391,0.02174,0.05072,0.15942,0.08696,0.01449,0.01449,0.05072,0.00725,0.0,220,24,20,4,0,0,0,0,1.0,-1,0,0,,12-136,19,,10.0,0,-1,0,0,,,0,,0.0,0,-1,0,0,,,0,,0.0,0,-1,0,0,,,0,,0.0,0,-1,0,0,,,0,,0.0,-1,0,0,,3-123,3,,5.0,129,3,5,,,0,,0.0,0,-1,0,0,,,0,,0.0,32.0,1.0,10.0,,"ProtTrypx19(pos12-136,sev10); MetOxx3(pos3-123,sev5); HydroPatch(pos129,sev5); UnpairedCys(pos32,sev10)",0.0,0.0,0.0,0.0,0.64047,0.64047,,,,True,False,True,True,0.0,0.0,100000.25,100000.25,0.0,0.82745,0.0,0.0,0.0,0.0,0.0,0.82745,False,False,False,False,False,False,True,True,False,False,False,False,0.62655,0.62655,,,,True,False,True,True,0.81291,7.71714,2.27251,0.81291,0.81303,0.0,0.81291,0.81191,0.89374,False,False,True,True,True,True,True,True,True,True,True,True,484.9617,5.744,0,0.99643,0.29574,0.32689,1.26925,0.72362,False,False,,,,,,0.62655,-2.27251,-54.9374,-1258.52393,-2.27251,False,9,True,True,True,True,True,True,True,True,True,True,68.0,54.0,521.0,807.5,0.5,204.0,807.5,11,0.9990444845525003,SEMVQEVSELARKLGRLLQQKFGVPPELQRRCVETAVEVARLVAELSKEALEALREALKAALALLEAGTGTMEGVAQLALEGGLKVAEILELPEEVIKQVKEHFTKGIELAKKGDYTGAAEHMLKGLEVLLEALRKQA
task-26767580-3_spec_029,20,SKVEEEVLKINKTAIPFLEKALKASTDAEMAAILQELREELAKLDVTPELKEAALNAVDGTITFVETGDKAALAAAMDELVEALKKLGVPEELINIAKETREKCLAAKSPKEVLEAFLEGTKENLKLLESL,SKVEEEVLKINKTAIPFLEKALKASTDAEMAAILQELREELAKLDVTPELKEAALNAVDGTITFVETGDKAALAAAMDELVEALKKLGVPEELINIAKETREKCLAAKSPKEVLEAFLEGTKENLKLLESL,131,0.30842,0.80936,2.13628,0.77183,0.66101,0.46942,2,484.26657,1449.8313,55.3768,55.3768,0.1374,0.8626,0.0,task-26767580-3_spec_029.cif,131,25,156.0,156.0,0.0,0.03053,0.15267,0.00763,0.03053,0.03053,0.06107,0.06107,0.0458,0.03053,0.03817,0.16031,0.01527,0.00763,0.16794,0.12214,0.0,0.0229,0.01527,0.0,0.0,220,23,21,2,0,0,0,0,1.0,-1,0,0,,2-126,18,,10.0,0,-1,0,0,,,0,,0.0,0,-1,0,0,,,0,,0.0,0,56,2,10,,,0,,0.0,0,59,2,10,,,0,,0.0,-1,0,0,,30-77,2,,5.0,-1,0,0,,,0,,0.0,0,-1,0,0,,,0,,0.0,104.0,1.0,10.0,,"AspBridge(pos56,sev10); AspCleave(pos59,sev10); ProtTrypx18(pos2-126,sev10); MetOxx2(pos30-77,sev5); UnpairedCys(pos104,sev10)",0.0,0.0,0.0,0.0,0.46942,0.46942,,,,True,False,True,True,0.0,0.0,100000.25,100000.25,0.0,0.81993,0.0,0.0,0.0,0.0,0.0,0.81993,False,False,False,False,False,False,True,True,False,False,False,False,0.66101,0.66101,,,,True,False,True,True,0.80936,8.09849,2.13628,0.80936,0.77784,0.0,0.80936,0.80936,0.88729,False,False,True,True,True,True,False,True,True,True,True,True,488.73099,4.46441,0,0.95472,0.35158,0.39475,1.29506,0.61438,False,False,,,,,,0.66101,-2.13628,-55.3768,-1449.8313,-2.13628,False,9,True,True,True,True,True,True,True,True,True,True,76.0,587.0,361.0,807.5,0.5,102.5,807.5,11,0.9989914003609724,SKVEEEVLKINKTAIPFLEKALKASTDAEMAAILQELREELAKLDVTPELKEAALNAVDGTITFVETGDKAALAAAMDELVEALKKLGVPEELINIAKETREKCLAAKSPKEVLEAFLEGTKENLKLLESL
task-26767580-15_spec_322,21,AAPPELYKFVGTWKLVSSENFEEYLKELGVPEEVIKELAKDKPTLTITIDGEKITVKTESDIVNTELTFTLGQTTEQTITFGGKTLKVTSTATVEDGKLVITQEWDGKTTTVIRSLDGDKLIVEIRVGDVVCTRVYERV,AAPPELYKFVGTWKLVSSENFEEYLKELGVPEEVIKELAKDKPTLTITIDGEKITVKTESDIVNTELTFTLGQTTEQTITFGGKTLKVTSTATVEDGKLVITQEWDGKTTTVIRSLDGDKLIVEIRVGDVVCTRVYERV,139,0.40181,0.80463,2.26519,0.77607,0.80283,1.12677,2,486.30212,828.94043,54.4006,54.4006,0.25899,0.14388,0.59712,task-26767580-15_spec_322.cif,139,25,164.0,164.0,0.0,0.07194,0.02878,0.00719,0.03597,0.02878,0.15827,0.11511,0.07194,0.01439,0.05755,0.08633,0.0,0.02158,0.11511,0.09353,0.0,0.02878,0.02878,0.02158,0.01439,255,27,24,3,0,0,0,0,1.0,-1,0,0,,8-138,17,,10.0,0,-1,0,0,,,0,,0.0,0,1,1,5,,,0,,0.0,0,-1,0,0,,,0,,0.0,0,-1,0,0,,50-117,4,,10.0,-1,0,0,,,0,,0.0,-1,0,0,,99-121,2,,5.0,0,-1,0,0,,13-105,2,,10.0,132.0,1.0,10.0,,"AspCleavex4(pos50-117,sev10); ProtTrypx17(pos8-138,sev10); DPP4(pos1,sev5); TrpOxx2(pos13-105,sev10); HydroPatchx2(pos99-121,sev5); UnpairedCys(pos132,sev10)",0.0,0.0,0.0,0.0,1.12677,1.12677,,,,True,False,True,True,0.0,0.0,100000.25,100000.25,0.0,0.70927,0.0,0.0,0.0,0.0,0.0,0.70927,False,False,False,False,False,False,False,False,False,False,False,False,0.80283,0.80283,,,,True,False,True,True,0.80463,8.80602,2.26519,0.80463,0.78042,0.0,0.80463,0.76518,0.87461,False,False,True,True,True,True,False,True,True,True,True,True,496.5303,10.22819,0,1.41289,0.42953,0.45724,1.49849,1.32729,False,False,,,,,,0.80283,-2.26519,-54.4006,-828.94043,-2.26519,False,9,True,True,True,True,True,True,True,True,True,True,88.0,485.0,512.0,807.5,0.5,70.5,807.5,11,0.9989383161694447,AAPPELYKFVGTWKLVSSENFEEYLKELGVPEEVIKELAKDKPTLTITIDGEKITVKTESDIVNTELTFTLGQTTEQTITFGGKTLKVTSTATVEDGKLVITQEWDGKTTTVIRSLDGDKLIVEIRVGDVVCTRVYERV
task-26767580-4_spec_448,22,SEKEEIAKRLTELLKEMLEEMKKAKNREELLEISLKYLPELLEITSKLDNPVGKAIVSEIQRLLELLTQNPDASNEEMLKICQKVVENYLKLFPDNKELQKLTKEIFDLVKKLFSK,SEKEEIAKRLTELLKEMLEEMKKAKNREELLEISLKYLPELLEITSKLDNPVGKAIVSEIQRLLELLTQNPDASNEEMLKICQKVVENYLKLFPDNKELQKLTKEIFDLVKKLFSK,116,0.41286,0.79988,2.15247,0.77995,0.7879,0.59695,2,487.93011,1055.7041,58.4734,58.4734,0.15517,0.84483,0.0,task-26767580-4_spec_448.cif,116,25,141.0,141.0,0.0,0.00862,0.03448,0.00862,0.05172,0.03448,0.03448,0.0431,0.06034,0.05172,0.03448,0.18966,0.02586,0.03448,0.16379,0.15517,0.0,0.02586,0.02586,0.01724,0.0,225,24,21,3,0,0,0,0,1.0,-1,0,0,,3-112,20,,10.0,0,-1,0,0,,,0,,0.0,0,-1,0,0,,,0,,0.0,0,-1,0,0,,,0,,0.0,0,-1,0,0,,,0,,0.0,-1,0,0,,17-78,3,,5.0,-1,0,0,,,0,,0.0,0,-1,0,0,,,0,,0.0,82.0,1.0,10.0,,"ProtTrypx20(pos3-112,sev10); MetOxx3(pos17-78,sev5); UnpairedCys(pos82,sev10)",0.0,0.0,0.0,0.0,0.59695,0.59695,,,,True,False,True,True,0.0,0.0,100000.25,100000.25,0.0,0.74724,0.0,0.0,0.0,0.0,0.0,0.74724,False,False,False,False,False,False,False,False,False,False,False,False,0.7879,0.7879,,,,True,False,True,True,0.79988,7.823,2.15247,0.79988,0.77881,0.0,0.79988,0.79988,0.85266,False,False,True,True,True,True,False,True,False,True,True,True,487.93011,0.0,0,0.50523,0.5342,0.65554,0.73187,0.27859,False,False,,,,,,0.7879,-2.15247,-58.4734,-1055.7041,-2.15247,False,9,True,True,True,True,True,True,True,True,True,True,108.0,403.0,380.0,807.5,0.5,55.0,807.5,11,0.998885231977917,SEKEEIAKRLTELLKEMLEEMKKAKNREELLEISLKYLPELLEITSKLDNPVGKAIVSEIQRLLELLTQNPDASNEEMLKICQKVVENYLKLFPDNKELQKLTKEIFDLVKKLFSK
task-26767580-12_spec_152,23,SELEELLLEMAKLGLEIAETVAFETDREKALATVRELGPKIREILDRLRELLPPELQPLFDKLREAEKKFVEAGKAGDLEAAMEAAKEVYEALLKLAEAVVKDPEVRAEIKALSKKAMENNKLAAEKNPELFIACAAAL,SELEELLLEMAKLGLEIAETVAFETDREKALATVRELGPKIREILDRLRELLPPELQPLFDKLREAEKKFVEAGKAGDLEAAMEAAKEVYEALLKLAEAVVKDPEVRAEIKALSKKAMENNKLAAEKNPELFIACAAAL,139,0.24212,0.79601,2.22287,0.77912,0.67838,0.72599,2,480.5188,1662.32764,56.7042,56.7042,0.10072,0.89928,0.0,task-26767580-12_spec_152.cif,139,25,164.0,164.0,0.0,0.02878,0.17266,0.00719,0.01439,0.04317,0.02158,0.05036,0.03597,0.02158,0.03597,0.16547,0.02158,0.00719,0.17986,0.10791,0.0,0.02878,0.05036,0.00719,0.0,265,29,24,5,0,0,0,0,1.0,-1,0,0,,12-127,22,,10.0,0,-1,0,0,,,0,,0.0,0,-1,0,0,,,0,,0.0,0,-1,0,0,,,0,,0.0,0,103,2,10,,,0,,0.0,-1,0,0,,10-118,3,,5.0,-1,0,0,,6-131,2,,5.0,0,-1,0,0,,,0,,0.0,135.0,1.0,10.0,,"AspCleave(pos103,sev10); ProtTrypx22(pos12-127,sev10); MetOxx3(pos10-118,sev5); HydroPatchx2(pos6-131,sev5); UnpairedCys(pos135,sev10)",0.0,0.0,0.0,0.0,0.72599,0.72599,,,,True,False,True,True,0.0,0.0,100000.25,100000.25,0.0,0.79669,0.0,0.0,0.0,0.0,0.0,0.79669,False,False,False,False,False,False,False,True,False,False,False,False,0.67838,0.67838,,,,True,False,True,True,0.79601,8.02256,2.22287,0.79601,0.77868,0.0,0.79601,0.79601,0.85853,False,False,True,True,True,True,False,True,False,True,True,True,487.2796,6.76081,0,1.36368,0.36413,0.48614,1.07184,1.65552,False,False,,,,,,0.67838,-2.22287,-56.7042,-1662.32764,-2.22287,False,9,True,True,True,True,True,True,True,True,True,True,127.0,420.0,458.0,807.5,0.5,174.0,807.5,11,0.9988321477863892,SELEELLLEMAKLGLEIAETVAFETDREKALATVRELGPKIREILDRLRELLPPELQPLFDKLREAEKKFVEAGKAGDLEAAMEAAKEVYEALLKLAEAVVKDPEVRAEIKALSKKAMENNKLAAEKNPELFIACAAAL
task-26767580-6_spec_285,24,SLAEELLLGTITLDVTLEKFLNAKPGDVIKGKKSRPLPEELDGVIEEVDTAKDGHVRKYELKIDGNEITDTVLEGSYRVGEYTREITHKGETYTAKRKVEEFEENGKRVLKIKDEVEGKTFEIINKEEGDKLVSTGKLV,SLAEELLLGTITLDVTLEKFLNAKPGDVIKGKKSRPLPEELDGVIEEVDTAKDGHVRKYELKIDGNEITDTVLEGSYRVGEYTREITHKGETYTAKRKVEEFEENGKRVLKIKDEVEGKTFEIINKEEGDKLVSTGKLV,139,0.35274,0.78744,2.28549,0.79195,0.88183,0.83345,2,451.07806,948.81329,46.6825,46.6825,0.28058,0.10072,0.61871,task-26767580-6_spec_285.cif,139,25,164.0,164.0,0.0,0.09353,0.02878,0.0,0.02878,0.02158,0.08633,0.08633,0.06475,0.02878,0.06475,0.10072,0.0,0.0,0.15827,0.1295,0.01439,0.02158,0.04317,0.02878,0.0,295,30,29,1,0,0,0,0,,-1,0,0,,19-137,24,,10.0,0,-1,0,0,,,0,,0.0,0,-1,0,0,,,0,,0.0,0,-1,0,0,,22-105,2,,10.0,0,-1,0,0,,42-64,3,,10.0,-1,0,0,,,0,,0.0,6,3,5,,,0,,0.0,0,-1,0,0,,,0,,0.0,,,,,"AspBridgex2(pos22-105,sev10); AspCleavex3(pos42-64,sev10); ProtTrypx24(pos19-137,sev10); HydroPatch(pos6,sev5)",0.0,0.0,0.0,0.0,0.83345,0.83345,,,,True,False,True,True,0.0,0.0,100000.25,100000.25,0.0,0.71284,0.0,0.0,0.0,0.0,0.0,0.71284,False,False,False,False,False,False,False,False,False,False,False,False,0.88183,0.88183,,,,True,False,True,True,0.78744,8.72264,2.28549,0.78744,0.78505,0.0,0.78744,0.78744,0.87698,False,False,True,True,True,True,False,True,False,True,True,True,464.18347,13.10542,0,1.52916,0.34641,0.34008,1.4207,1.63763,False,False,,,,,,0.88183,-2.28549,-46.6825,-948.81329,-2.28549,False,9,True,True,True,True,True,True,True,True,True,True,185.0,208.0,540.0,807.5,0.5,669.0,807.5,11,0.9987790635948615,SLAEELLLGTITLDVTLEKFLNAKPGDVIKGKKSRPLPEELDGVIEEVDTAKDGHVRKYELKIDGNEITDTVLEGSYRVGEYTREITHKGETYTAKRKVEEFEENGKRVLKIKDEVEGKTFEIINKEEGDKLVSTGKLV
task-26767580-17_spec_858,25,SLDGKFILKLDGDTLTAKNADGEVVGTGKCTGVLAKAPPAETEATIDGDTLTLKSKAAGGETTATLAVGESGEFINATGERGTATLEKDGDGLKLTITNAAGTITGIAKPEGDNVLLKVYHDDELVAEVRIPSSKLGK,SLDGKFILKLDGDTLTAKNADGEVVGTGKCTGVLAKAPPAETEATIDGDTLTLKSKAAGGETTATLAVGESGEFINATGERGTATLEKDGDGLKLTITNAAGTITGIAKPEGDNVLLKVYHDDELVAEVRIPSSKLGK,138,0.05199,0.78415,2.21621,0.80032,0.80882,0.82957,2,486.2084,752.2312,43.127,43.127,0.27536,0.05797,0.66667,task-26767580-17_spec_858.cif,138,25,163.0,163.0,0.0,0.13768,0.11594,0.00725,0.03623,0.02899,0.13043,0.05797,0.05072,0.02899,0.07971,0.1087,0.0,0.0,0.07971,0.0942,0.00725,0.01449,0.01449,0.00725,0.0,250,26,24,2,0,0,0,0,1.0,-1,0,0,,5-135,14,,10.0,0,-1,0,0,,,0,,0.0,0,-1,0,0,,,0,,0.0,0,-1,0,0,,19-99,3,,10.0,0,-1,0,0,,3-91,6,,10.0,-1,0,0,,,0,,0.0,-1,0,0,,6-115,2,,5.0,0,-1,0,0,,,0,,0.0,30.0,1.0,10.0,,"AspBridgex3(pos19-99,sev10); AspCleavex6(pos3-91,sev10); ProtTrypx14(pos5-135,sev10); HydroPatchx2(pos6-115,sev5); UnpairedCys(pos30,sev10)",0.0,0.0,0.0,0.0,0.82957,0.82957,,,,True,False,True,True,0.0,0.0,100000.25,100000.25,0.0,0.79802,0.0,0.0,0.0,0.0,0.0,0.79802,False,False,False,False,False,False,False,True,False,False,False,False,0.80882,0.80882,,,,True,False,True,True,0.78415,8.46517,2.21621,0.78415,0.7932,0.0,0.78415,0.78415,0.86334,False,False,True,True,True,True,True,True,False,True,True,True,488.08115,1.87273,0,1.42193,0.15924,0.2665,1.34256,1.5013,False,False,,,,,,0.80882,-2.21621,-43.127,-752.2312,-2.21621,False,9,True,True,True,True,True,True,True,True,True,True,221.0,133.0,450.0,807.5,0.5,72.5,807.5,11,0.9987259794033337,SLDGKFILKLDGDTLTAKNADGEVVGTGKCTGVLAKAPPAETEATIDGDTLTLKSKAAGGETTATLAVGESGEFINATGERGTATLEKDGDGLKLTITNAAGTITGIAKPEGDNVLLKVYHDDELVAEVRIPSSKLGK
task-26767580-15_spec_113,26,GAVEEVRKVVKKKGSEETVKLFEELLELEKKLSPEQIGEVAIKVGEFALSTGNPELKKLGEIFIKIGKALLAGDKEKADEAVKEAAKLLEENDIPSEDLHKLITHGLECAKSF,GAVEEVRKVVKKKGSEETVKLFEELLELEKKLSPEQIGEVAIKVGEFALSTGNPELKKLGEIFIKIGKALLAGDKEKADEAVKEAAKLLEENDIPSEDLHKLITHGLECAKSF,113,0.26496,0.77966,2.20828,0.82052,1.38758,0.9881,2,458.03973,871.35938,49.9975,49.9975,0.17699,0.82301,0.0,task-26767580-15_spec_113.cif,113,25,138.0,138.0,0.0,0.07965,0.0885,0.00885,0.04425,0.02655,0.02655,0.0708,0.06195,0.0177,0.0354,0.13274,0.0,0.00885,0.17699,0.15929,0.0177,0.0354,0.00885,0.0,0.0,205,21,20,1,0,0,0,0,1.0,-1,0,0,,7-111,19,,10.0,0,-1,0,0,,,0,,0.0,0,-1,0,0,,,0,,0.0,0,-1,0,0,,,0,,0.0,0,-1,0,0,,,0,,0.0,-1,0,0,,,0,,0.0,62,3,5,,,0,,0.0,0,-1,0,0,,,0,,0.0,109.0,1.0,10.0,,"ProtTrypx19(pos7-111,sev10); HydroPatch(pos62,sev5); UnpairedCys(pos109,sev10)",0.0,0.0,0.0,0.0,0.9881,0.9881,,,,True,False,True,True,0.0,0.0,100000.25,100000.25,0.0,0.78405,0.0,0.0,0.0,0.0,0.0,0.78405,False,False,False,False,False,False,False,True,False,False,False,False,1.38758,1.38758,,,,True,False,True,True,0.77966,7.64397,2.20828,0.77966,0.81053,0.0,0.77966,0.77966,0.8955,False,False,True,True,True,True,True,True,False,True,True,True,465.76434,7.72462,0,1.52172,0.25563,0.24631,1.45155,1.59189,False,False,,,,,,1.38758,-2.20828,-49.9975,-871.35938,-2.20828,False,9,True,True,True,True,True,True,True,True,True,True,262.0,33.0,437.0,807.5,0.5,601.0,807.5,11,0.9986728952118059,GAVEEVRKVVKKKGSEETVKLFEELLELEKKLSPEQIGEVAIKVGEFALSTGNPELKKLGEIFIKIGKALLAGDKEKADEAVKEAAKLLEENDIPSEDLHKLITHGLECAKSF
task-26767580-16_spec_296,27,SYIEVLQQAIELLRERADELLAQYPKLQQGIAEAKTREERLNVAAALALAAIAQILGVDTSHIDPRDREQILEKAREITTEKFGISEETFDRIVKATLEAFSRQPWSDDPVENAIRLLNCTVAALEAL,SYIEVLQQAIELLRERADELLAQYPKLQQGIAEAKTREERLNVAAALALAAIAQILGVDTSHIDPRDREQILEKAREITTEKFGISEETFDRIVKATLEAFSRQPWSDDPVENAIRLLNCTVAALEAL,128,0.13776,0.77375,2.25217,0.77265,0.73217,0.6793,2,478.89847,1316.26025,55.5227,55.5227,0.21875,0.78125,0.0,task-26767580-16_spec_296.cif,128,25,153.0,153.0,0.0,0.02344,0.14844,0.00781,0.03906,0.03125,0.05469,0.04688,0.08594,0.02344,0.05469,0.125,0.0,0.0625,0.125,0.03906,0.00781,0.02344,0.07812,0.01562,0.00781,200,20,20,0,0,0,0,0,1.0,-1,0,0,,14-116,15,,10.0,0,-1,0,0,,,0,,0.0,0,-1,0,0,,,0,,0.0,0,113,2,10,,,0,,0.0,0,-1,0,0,,64-109,2,,10.0,-1,0,0,,,0,,0.0,-1,0,0,,,0,,0.0,0,106,1,10,,,0,,0.0,120.0,1.0,10.0,,"AspBridge(pos113,sev10); AspCleavex2(pos64-109,sev10); ProtTrypx15(pos14-116,sev10); TrpOx(pos106,sev10); UnpairedCys(pos120,sev10)",0.0,0.0,0.0,0.0,0.6793,0.6793,,,,True,False,True,True,0.0,0.0,100000.25,100000.25,0.0,0.84857,0.0,0.0,0.0,0.0,0.0,0.84857,False,False,False,False,False,False,True,True,False,False,False,False,0.73217,0.73217,,,,True,False,True,True,0.77375,8.28392,2.25217,0.77375,0.76432,0.0,0.77375,0.77375,0.9128,False,False,True,True,True,True,False,True,False,True,True,True,480.09967,1.20121,0,0.61714,0.21404,0.29032,-0.00308,1.23737,False,False,,,,,,0.73217,-2.25217,-55.5227,-1316.26025,-2.25217,False,9,True,True,True,True,True,True,True,True,True,True,310.0,567.0,492.0,807.5,0.5,214.0,807.5,11,0.9986198110202782,SYIEVLQQAIELLRERADELLAQYPKLQQGIAEAKTREERLNVAAALALAAIAQILGVDTSHIDPRDREQILEKAREITTEKFGISEETFDRIVKATLEAFSRQPWSDDPVENAIRLLNCTVAALEAL
task-26767580-12_spec_434,30,SAALETLKEINQKMLELLEKALTGDQEAAIEEIIKYYEEVLKTCTDPELKEAIEAGIKAGKALLEGKFEEAAEAAKVAGEHVARVLEREGHPEAAAKVREICLKLAEALKKAKSLQEALEAALKALKEIIKILDSL,SAALETLKEINQKMLELLEKALTGDQEAAIEEIIKYYEEVLKTCTDPELKEAIEAGIKAGKALLEGKFEEAAEAAKVAGEHVARVLEREGHPEAAAKVREICLKLAEALKKAKSLQEALEAALKALKEIIKILDSL,136,0.09878,0.7884,2.45995,0.77573,0.64605,0.78591,2,477.84668,1176.92383,51.3746,51.3746,0.125,0.875,0.0,task-26767580-12_spec_434.cif,136,25,161.0,161.0,0.0,0.04412,0.18382,0.01471,0.02206,0.01471,0.02941,0.03676,0.07353,0.00735,0.02206,0.14706,0.00735,0.02206,0.18382,0.13235,0.01471,0.00735,0.02206,0.01471,0.0,245,25,24,1,0,0,0,0,,-1,0,0,,8-131,21,,10.0,0,-1,0,0,,,0,,0.0,0,-1,0,0,,,0,,0.0,0,11,2,10,,,0,,0.0,0,-1,0,0,,46-134,2,,10.0,14,1,5,,,0,,0.0,-1,0,0,,,0,,0.0,0,-1,0,0,,,0,,0.0,,,,,"AspBridge(pos11,sev10); AspCleavex2(pos46-134,sev10); ProtTrypx21(pos8-131,sev10); MetOx(pos14,sev5)",0.0,0.0,0.0,0.0,0.78591,0.78591,,,,True,False,True,True,0.0,0.0,100000.25,100000.25,0.0,0.79226,0.0,0.0,0.0,0.0,0.0,0.79226,False,False,False,False,False,False,False,True,False,False,False,False,0.64605,0.64605,,,,True,False,True,True,0.7884,7.89971,2.45995,0.7884,0.77601,0.0,0.7884,0.7884,0.87066,False,False,True,True,True,True,False,True,False,True,True,True,487.44589,9.59922,0,0.84635,0.21911,0.33944,1.23624,0.45646,False,False,,,,,,0.64605,-2.45995,-51.3746,-1176.92383,-2.45995,False,9,True,True,True,True,True,True,True,True,True,True,177.0,491.0,858.0,807.5,0.5,238.5,858.0,13,0.9984605584456949,SAALETLKEINQKMLELLEKALTGDQEAAIEEIIKYYEEVLKTCTDPELKEAIEAGIKAGKALLEGKFEEAAEAAKVAGEHVARVLEREGHPEAAAKVREICLKLAEALKKAKSLQEALEAALKALKEIIKILDSL
task-26767580-9_spec_701,31,VVGKGTGTASSKDPTKAGAVLKGTLEVTPELAELLNGTWRLTFDDGVEVETVNEAEGTTLHFTTVTHTEIKEGEYEGEVTNLDNPERKGTWKLKVTRTEDKTVVEGTQTINGKTYKIKEVWDNKTGKLVEHEYTEV,VVGKGTGTASSKDPTKAGAVLKGTLEVTPELAELLNGTWRLTFDDGVEVETVNEAEGTTLHFTTVTHTEIKEGEYEGEVTNLDNPERKGTWKLKVTRTEDKTVVEGTQTINGKTYKIKEVWDNKTGKLVEHEYTEV,136,0.18877,0.76169,2.49632,0.76114,0.93215,0.71312,3,478.38916,496.66486,42.2873,42.2873,0.31618,0.05147,0.63235,task-26767580-9_spec_701.cif,136,25,161.0,161.0,0.0,0.10294,0.03676,0.0,0.01471,0.02206,0.17647,0.11029,0.02206,0.04412,0.04412,0.07353,0.0,0.00735,0.13971,0.10294,0.02206,0.01471,0.02206,0.02206,0.02206,240,24,24,0,0,0,0,0,,-1,0,0,,4-127,17,,10.0,0,-1,0,0,,,0,,0.0,0,-1,0,0,,,0,,0.0,0,-1,0,0,,36-111,2,,10.0,0,-1,0,0,,13-45,2,,10.0,-1,0,0,,,0,,0.0,-1,0,0,,,0,,0.0,0,-1,0,0,,39-121,3,,10.0,,,,,"AspBridgex2(pos36-111,sev10); AspCleavex2(pos13-45,sev10); ProtTrypx17(pos4-127,sev10); TrpOxx3(pos39-121,sev10)",0.0,0.0,0.0,0.0,0.71312,0.71312,,,,True,False,True,True,0.0,0.0,100000.25,100000.25,0.0,0.75003,0.0,0.0,0.0,0.0,0.0,0.75003,False,False,False,False,False,False,False,True,False,False,False,False,0.93215,0.93215,,,,True,False,True,True,0.76169,8.69678,2.49632,0.76169,0.75518,0.0,0.76169,0.75197,0.86113,False,False,True,True,True,True,False,True,False,True,True,True,487.06525,8.6761,0,1.69526,0.32812,0.46747,1.95051,1.44001,False,False,,,,,,0.93215,-2.49632,-42.2873,-496.66486,-2.49632,False,9,True,True,True,True,True,True,True,True,True,True,439.0,918.0,934.0,271.0,0.5,222.5,934.0,14,0.9984074742541671,VVGKGTGTASSKDPTKAGAVLKGTLEVTPELAELLNGTWRLTFDDGVEVETVNEAEGTTLHFTTVTHTEIKEGEYEGEVTNLDNPERKGTWKLKVTRTEDKTVVEGTQTINGKTYKIKEVWDNKTGKLVEHEYTEV
task-26767580-18_spec_507,35,GPERFVGKWEGEVVSGSAPKGPVVVTIEQLSENTFKITAHNLVTGEVLDMTVKIESYTDDVLVGSGVDSEGRKIRVVVTRLSENEFVLEIINLDNGGTTVLRLKLVEKL,GPERFVGKWEGEVVSGSAPKGPVVVTIEQLSENTFKITAHNLVTGEVLDMTVKIESYTDDVLVGSGVDSEGRKIRVVVTRLSENEFVLEIINLDNGGTTVLRLKLVEKL,109,0.22908,0.7329,2.52972,0.75891,0.83604,0.90537,2,436.10471,843.64459,54.9202,54.9202,0.3211,0.0367,0.6422,task-26767580-18_spec_507.cif,109,25,134.0,134.0,0.0,0.10092,0.01835,0.0,0.06422,0.02752,0.08257,0.16514,0.05505,0.04587,0.04587,0.10092,0.00917,0.00917,0.11009,0.06422,0.00917,0.02752,0.04587,0.00917,0.00917,175,20,15,5,0,0,0,0,,-1,0,0,,4-108,12,,10.0,0,-1,0,0,,,0,,0.0,0,-1,0,0,,,0,,0.0,0,95,2,10,,,0,,0.0,0,68,2,10,,,0,,0.0,50,1,5,,,0,,0.0,-1,0,0,,23-86,4,,5.0,0,9,1,10,,,0,,0.0,,,,,"AspBridge(pos95,sev10); AspCleave(pos68,sev10); ProtTrypx12(pos4-108,sev10); MetOx(pos50,sev5); TrpOx(pos9,sev10); HydroPatchx4(pos23-86,sev5)",0.0,0.0,0.0,0.0,0.90537,0.90537,,,,True,False,True,True,0.0,0.0,100000.25,100000.25,0.0,0.7522,0.0,0.0,0.0,0.0,0.0,0.7522,False,False,False,False,False,False,False,True,False,False,False,False,0.83604,0.83604,,,,True,False,True,True,0.7329,9.88967,2.52972,0.7329,0.74435,0.0,0.7329,0.7329,0.83243,False,False,False,True,True,True,False,True,False,True,True,True,474.97266,38.86794,0,1.00974,0.2319,0.23472,0.81078,1.20869,False,False,,,,,,0.83604,-2.52972,-54.9202,-843.64459,-2.52972,False,9,True,True,True,True,True,True,True,True,True,True,908.0,999.0,1008.0,807.5,0.5,785.0,1008.0,18,0.9981951374880561,GPERFVGKWEGEVVSGSAPKGPVVVTIEQLSENTFKITAHNLVTGEVLDMTVKIESYTDDVLVGSGVDSEGRKIRVVVTRLSENEFVLEIINLDNGGTTVLRLKLVEKL
